timestamp_ms,bytes_read,bytes_written
1,8445952,3538944
5343,144465920,14589952
10721,146825216,130580480
16072,149757952,266706944
21453,151658496,400719872
26796,153907200,578084864
32162,160768000,781381632
37513,312246272,1081778176
42830,615165952,1569644544
48164,898469888,2032476160
53522,1036922880,2753454080
58875,1306390528,3416338432
64235,1709150208,4087181312
69573,2245582848,5043908608
74938,2782138368,5838426112
80280,3452661760,6688014336
85608,3989135360,8061988864
90950,4525613056,9063768064
96297,5330341888,9981108224
101646,6000599040,10805436416
107018,6805196800,12106235904
112375,7475621888,13085925376
117713,8146735104,14641590272
123117,8925802496,16009875456
128472,9805127680,17407909888
133871,10437410816,18382028800
139234,11347091456,19272880128
144641,12122951680,20284571648
150010,12894265344,21293486080
155365,13822017536,22327033856
160748,14801698816,24020963328
166082,15917780992,24875978752
171482,16901263360,25773572096
176844,18087112704,26744659968
182210,19155034112,28336738304
187598,20251623424,30078955520
193001,21485731840,31262699520
198378,22711468032,32380211200
203772,23536820224,33475645440
209128,24507580416,34713219072
214471,25539997696,35788451840
219884,26616840192,36962394112
225232,27814449152,38056624128
230601,28834979840,39344291840
235950,30033965056,40463843328
241352,31213371392,41584996352
246926,32429412352,42652672000
252483,33593212928,45656981504
258003,35017195520,46749855744
263619,36233715712,49597005824
269134,37590876160,51040845824
274663,39023755264,52200689664
280186,40244674560,53175873536
285706,41688293376,54213496832
291204,42995257344,55754489856
296758,44447473664,56833007616
302325,46000562176,57873240064
307887,47415119872,58896105472
313447,48875016192,60321173504
318991,50188419072,61461393408
324634,51496935424,65145483264
330200,52846137344,66349404160
335723,54373187584,67421995008
341300,55844564992,68616065024
346876,57512415232,69912219648
352411,59254870016,70821253120
357928,60759044096,72163786752
363482,62870138880,73192501248
369041,63902773248,74288644096
374615,65752551424,75476205568
380198,67081117696,76436013056
385774,68706791424,77898674176
391369,70528458752,78852128768
396872,71589531648,79946502144
402452,73608679424,81401831424
408024,75312353280,85334790144
413618,77325139968,87588397056
419161,79257051136,88862384128
424732,81150918656,89629122560
430293,82656776192,91235020800
435898,84886401024,92327280640
441442,86916988928,95189852160
446980,88944603136,96230121472
452540,90833260544,97761144832
458117,92927324160,98606297088
463701,94830497792,99835142144
469281,96647794688,101449957376
474839,98592751616,102086823936
480391,99948318720,103467102208
485950,101965045760,104870674432
491490,104022867968,105347158016
497030,105622380544,106545213440
502547,107475517440,108151681024
508108,109704708096,109123264512
513670,111051702272,110382555136
519226,113306628096,112014741504
524813,115421609984,112702066688
530332,117066772480,113995960320
535912,119268089856,115621773312
541441,122111758336,116559781888
547021,123774156800,117734354944
552613,126042796032,119237545984
558121,129170923520,120345313280
563631,131379474432,125984018432
569236,134006730752,126466338816
574796,136361168896,127722278912
580350,138683965440,128976637952
585888,141680496640,130352795648
591425,144170766336,131427127296
596998,146658549760,132946153472
602556,149379850240,134306803712
608165,151867056128,135045664768
613739,154285019136,136445825024
619306,155986812928,138145144832
624888,158819463168,139058634752
630453,160678903808,140143095808
636021,162872565760,141301530624
641556,165731127296,142840467456
647142,167754629120,143961223168
652708,169937391616,145336619008
658221,173386903552,147122606080
663789,175802290176,148310593536
669382,178359009280,149499650048
674981,180000456704,150779564032
680498,182154563584,151987265536
686016,184963964928,153276719104
691581,187287592960,154092392448
697096,189555712000,155095334912
702686,191648555008,156595339264
708254,194382417920,157848391680
713832,196706709504,159443513344
719379,199169404928,160246689792
724951,202144337920,162104770560
730521,204872134656,162700353536
736045,207468761088,166147502080
741606,209990123520,166567354368
747153,213225693184,167637630976
752720,215768428544,168172462080
758203,218237321216,169578684416
763763,221385265152,171014410240
769343,224588046336,172148310016
774903,227529977856,172972482560
780395,229095309312,178004451328
785913,232050520064,178004451328
791478,235320442880,178383822848
797028,237869977600,179877322752
802574,241208143872,180780285952
808136,244886360064,181859450880
813702,248129425408,183484469248
819228,251556405248,185022824448
824813,254848598016,185371353088
830421,257482911744,185943199744
835990,259715108864,190448537600
841519,263006986240,190558019584
847108,266622083072,191493296128
852669,270538334208,192570454016
858185,273663832064,193259077632
863752,276478603264,194044870656
869261,279714992128,194815332352
874802,282766667776,195528179712
880330,286087925760,196569980928
885909,288062234624,197196939264
891495,290494824448,198201995264
897051,293422776320,198783438848
902602,296215588864,199322091520
908170,299112095744,200136011776
913743,301178798080,200576172032
919279,303279321088,201651916800
924880,305811660800,202425061376
930439,308476760064,203382759424
936017,311230861312,204107550720
941578,313233899520,204634636288
947189,315372138496,205667098624
952805,318354145280,206536605696
958367,320588673024,207837155328
963932,322551255040,208560103424
969554,324883992576,210373500928
975146,327675281408,211224395776
980716,329379303424,212337991680
986273,331400437760,213219102720
991839,333214015488,214112002048
997381,334791143424,215225442304
1002975,336922976256,216366718976
1008547,339143081984,217355882496
1014028,340432633856,218050830336
1019618,342358081536,219358957568
1025232,344253427712,220139343872
1030776,346505261056,221350961152
1036386,348286910464,222079934464
1041919,349955928064,223479848960
1047471,352016699392,224476688384
1053026,354214907904,225514434560
1058596,356034068480,226596134912
1064162,357924868096,226909179904
1069586,361301929984,228116434944
1075092,364739514368,228795895808
1080641,367296843776,228836245504
1086184,368264548352,231589314560
1091726,369696755712,231589314560
1097279,372636336128,234129883136
1102856,376261935104,234129883136
1108393,379942252544,234129883136
1113915,383030423552,234975076352
1119463,386754150400,234975076352
1124970,390180241408,235949510656
1130389,393994493952,236884541440
1135784,397075648512,237611237376
1141192,400864944128,238113021952
1146598,403990675456,238736691200
1152014,408003813376,239855964160
1157420,411493650432,240386629632
1162850,414883000320,241210220544
1168232,417956126720,241953873920
1173637,420978765824,242916122624
1179052,424094494720,244006084608
1184456,427455225856,244527476736
1189862,430201188352,245640839168
1195294,433813065728,246451818496
1200717,436143448064,247646601216
1206118,438610157568,248448225280
1211536,442204585984,249362395136
1216953,444559331328,250535829504
1222354,448111800320,251087073280
1227789,450773131264,252144996352
1233180,453694844928,253052366848
1238604,456942964736,253724102656
1244005,460860055552,254710116352
1249420,464087949312,255516844032
1254831,467378360320,256184872960
1260252,469010403328,257086484480
1265672,471671562240,258045779968
1271082,474827579392,259320041472
1276494,476507475968,260098318336
1281917,479155785728,260900474880
1287316,480902467584,261535453184
1292740,482732077056,262713507840
1298142,484479578112,263810129920
1303556,486540161024,264969035776
1308940,488974540800,266136821760
1314355,491522895872,267239112704
1319758,493612183552,268577054720
1325176,496017522688,269409751040
1330574,498304335872,270395621376
1335981,500269203456,271538417664
1341376,502516764672,272741306368
1346780,504202432512,274056355840
1352183,506819313664,275135270912
1357574,509978124288,276199157760
1362989,512213819392,277258539008
1368366,514406449152,278789902336
1373777,516684603392,280052490240
1379172,520015446016,281170755584
1384568,522496565248,282526081024
1389963,525079900160,283478900736
1395375,527821418496,284248760320
1400776,530882244608,284917145600
1406182,533522128896,285890002944
1411582,536231436288,288176697344
1416960,538985656320,288721977344
1422385,541953064960,289992536064
1427773,544392216576,290894233600
1433190,547437199360,291988037632
1438570,549931851776,292177686528
1443947,553006092288,294496436224
1449330,555315249152,295811788800
1454700,558617083904,296827146240
1460089,561538543616,297953849344
1465476,565228441600,297953849344
1470853,568435318784,299167813632
1476234,571102384128,300429570048
1481607,573722361856,301367734272
1487016,576916344832,302494588928
1492609,580185374720,302936875008
1498118,583848443904,304160190464
1503711,587064893440,305124528128
1509329,590561132544,305627484160
1514910,592829161472,305627484160
1520456,594581463040,309763182592
1525928,598705139712,309763182592
1531397,602365636608,310795317248
1536917,607296565248,311708893184
1542460,610369343488,312508432384
1547996,613982863360,313036292096
1553575,618516295680,313880444928
1559088,621436817408,314935693312
1564692,625238585344,315493933056
1570225,629024366592,316674498560
1575746,632899977216,317363322880
1581261,636574101504,318439485440
1586802,640596856832,318713970688
1592347,644959682560,319730642944
1597897,648811397120,320150347776
1603432,652055093248,321655218176
1608969,655875178496,322393419776
1614496,660045705216,323669958656
1619991,663836450816,324919095296
1625481,668582977536,325718593536
1630991,672835186688,326527561728
1636521,676595994624,327884210176
1642068,679943610368,329004969984
1647596,682971471872,330298667008
1653201,687190691840,330663874560
1658739,690452041728,331950399488
1664250,693953830912,333209382912
1669854,697431437312,334295834624
1675399,701156327424,335530057728
1680950,704737509376,336986222592
1686496,708374081536,338000125952
1692023,712759205888,339229249536
1697537,716212723712,340317114368
1703163,720228749312,340985634816
1708668,724108992512,342410686464
1714222,728372371456,343448023040
1719765,732095799296,343978409984
1725300,735924637696,345218613248
1730896,739925716992,345802846208
1736421,743884312576,347399331840
1741926,748036206592,347976396800
1747371,750967513088,349386199040
1752753,754327937024,350011310080
1758320,755696934912,358554800128
1763834,757982670848,358641569792
1769379,760128196608,359245598720
1774915,764013961216,363127574528
1780432,768967483392,363127574528
1785966,773100584960,363907661824
1791555,778072272896,364394848256
1797087,782748332032,365481013248
1802662,787386777600,366069927936
1808228,791342518272,366934339584
1813787,795760041984,367896854528
1819329,799895080960,368703860736
1824845,804641779712,370066427904
1830413,809994612736,370807459840
1835950,814034571264,371673477120
1841570,818444197888,372050231296
1847123,822887776256,373153009664
1852720,827513364480,373690695680
1858277,831524634624,374962888704
1863849,835919749120,375004676096
1869356,840283582464,376425234432
1874871,843946516480,377528471552
1880428,848053407744,378842013696
1886047,852769554432,379128360960
1891586,856822833152,380246294528
1897145,861016510464,381154746368
1902682,864836960256,382576029696
1908299,869513969664,383324307456
1913895,873932365824,384044777472
1919404,878286028800,385302048768
1924935,882694213632,386175295488
1930570,886859014144,387438153728
1936126,891533410304,388412452864
1941652,895820480512,389589479424
1947217,899677659136,390728679424
1952769,903994494976,391531315200
1958360,908109660160,392586915840
1963889,912465182720,393314979840
1969445,915303337984,393608404992
1975008,917859852288,396111716352
1980559,921826324480,396111716352
1986123,925505126400,397288243200
1991688,929624195072,397774352384
1997228,933106753536,398850166784
2002822,937336303616,399910150144
2008379,941158289408,401259499520
2013930,945126559744,402408058880
2019477,949071155200,403457802240
2025043,953472794624,403710685184
2030573,957576564736,404920995840
2036185,961235193856,405597552640
2041715,965107175424,406786596864
2047264,969480417280,407730917376
2052846,973635076096,409160790016
2058358,977854337024,410226331648
2063963,982540288000,411007012864
2069505,986695573504,412092444672
2075082,991041855488,412465655808
2080597,995061260288,413911625728
2086147,998749118464,414964088832
2091695,1003016433664,415866339328
2097155,1006543937536,416976842752
2102699,1011422449664,417375989760
2108252,1015478206464,418687569920
2113772,1019556945920,418860728320
2119304,1023431131136,420468965376
2124756,1027323260928,421058289664
2130276,1031276781568,422190034944
2135744,1035891957760,422401617920
2141246,1038987689984,423348015104
2146827,1041596338176,423479189504
2152301,1043754328064,423479189504
2157857,1045667229696,426926743552
2163269,1047770898432,432279707648
2168760,1052720369664,432279707648
2174286,1058193362944,432279707648
2179737,1062644051968,432279707648
2185293,1066950627328,433335779328
2190776,1071697346560,433779900416
2196252,1075359911936,434537226240
2201762,1079779307520,435762028544
2207336,1084295720960,435958239232
2212876,1088881180672,437655166976
2218418,1094375264256,437916360704
2223939,1098063286272,438871093248
2229462,1103001473024,439151869952
2234917,1106491420672,440380825600
2240495,1111067267072,440753111040
2246014,1114379100160,442818310144
2251603,1118914985984,443398750208
2257188,1122998226944,444528136192
2262848,1127484174336,445323546624
2268321,1131734544384,446228369408
2273804,1136759066624,446474997760
2279309,1140612747264,447655481344
2284814,1145279397888,447772921856
2290395,1148904824832,449308123136
2295992,1153616736256,450085421056
2301527,1157832982528,451087683584
2307115,1162519699456,451668258816
2312641,1167480672256,452514676736
2318103,1171589582848,453106122752
2323610,1176505298944,454137421824
2329212,1180389888000,454794330112
2334777,1184701423616,455929745408
2340369,1188938227712,456721903616
2345935,1193057906688,458088390656
2351504,1197794230272,459047636992
2357026,1202877816832,459789975552
2362551,1207133978624,460414935040
2368078,1212130738176,461359226880
2373706,1217629229056,461437399040
2379319,1221413961728,463012999168
2384919,1225430278144,463712600064
2390476,1229517848576,465225744384
2396085,1234420600832,465736392704
2401663,1238594981888,466968268800
2407248,1243325726720,467465953280
2412809,1247860244480,468574486528
2418432,1252554670080,469529538560
2423981,1257445715968,470652076032
2429495,1261945405440,471827861504
2435067,1266347704320,473050370048
2440660,1271719448576,473367842816
2446339,1276246827008,474090921984
2451886,1280988987392,474548596736
2457503,1285842948096,475666481152
2463064,1290936479744,475763818496
2468636,1294495551488,477479219200
2474264,1299743195136,478294048768
2479871,1304047243264,479537971200
2485428,1308951425024,480758128640
2491023,1312855719936,481994072064
2496606,1318401990656,482470367232
2502217,1322965131264,483120545792
2507830,1327718014976,483802927104
2513411,1331313119232,484630663168
2518929,1334804852736,485722767360
2524487,1337256890368,485818437632
2530018,1339325616128,485818437632
2535446,1341853884416,485818437632
2540969,1344549888000,485818437632
2546552,1346305384448,493758861312
2552085,1348586475520,494403145728
2557647,1350047883264,494403145728
2563067,1352224010240,494403145728
2568474,1354177400832,496161427456
2573872,1357001207808,500058066944
2579284,1360911245312,500058066944
2584676,1365598240768,500058066944
2590098,1370753433600,500058066944
2595542,1374157103104,500516917248
2601250,1379002798080,501728186368
2606648,1383407452160,502423089152
2612086,1387813142528,503044669440
2617527,1392597749760,504317739008
2622938,1397487169536,504631894016
2628330,1401649840128,505635692544
2633722,1406499123200,505938522112
2639131,1410404798464,506431508480
2644566,1415454617600,507726217216
2649985,1419948118016,507755659264
2655392,1423868473344,509089337344
2660804,1428762554368,510172389376
2666219,1434031591424,510599024640
2671657,1438593601536,511889252352
2677103,1443686895616,512011808768
2682497,1448378126336,513444241408
2687908,1453913964544,513990500352
2693333,1458202169344,514810437632
2698752,1462670983168,515833913344
2704173,1467875762176,515950407680
2709578,1472082681856,517691047936
2715035,1476861767680,518324903936
2720433,1481808617472,519418765312
2725878,1486055825408,520535044096
2731329,1490388668416,520624918528
2736816,1494729306112,522322833408
2742266,1500071514112,522736967680
2747682,1504195575808,523528941568
2753110,1509202591744,524775026688
2758546,1514040451072,524879519744
2763956,1517872865280,526276235264
2769382,1522840608768,527347838976
2774785,1527556128768,528456577024
2780212,1532106715136,528902119424
2785622,1537100947456,529845702656
2791046,1541739126784,530819424256
2796474,1546070740992,530871812096
2801950,1550397493248,532566839296
2807414,1555051163648,532906057728
2812813,1559262314496,534399725568
2818255,1563825532928,535437926400
2823687,1568251727872,536034209792
2829127,1573467402240,537241833472
2834551,1578234445824,537438543872
2839950,1582766391296,538725478400
2845374,1587947941888,538958856192
2850785,1591764549632,540074635264
2856224,1596337573888,540929462272
2861658,1601449943040,541098979328
2867091,1605342433280,542881058816
2872503,1610674622464,543840784384
2877892,1615513374720,544457695232
2883427,1620005552128,545651097600
2888852,1626124136448,545847468032
2894261,1630643015680,546761830400
2899693,1635423068160,547911217152
2905156,1640551051264,548355694592
2910753,1645397344256,549392486400
2916387,1650054467584,550125162496
2921960,1656120496128,550125162496
2927492,1659991375872,551612223488
2933048,1664899608576,552567402496
2938615,1669445480448,553391501312
2944099,1675150856192,554063577088
2949664,1680033570816,554063577088
2955164,1684090970112,555560087552
2960724,1688955576320,556499865600
2966297,1694455902208,556501135360
2971797,1699019366400,558160097280
2977371,1704222511104,558374133760
2982923,1708581179392,559319883776
2988523,1713865322496,560289820672
2994062,1719511547904,560406073344
2999652,1723523837952,561425420288
3005168,1729148522496,561987125248
3010767,1734964752384,561987125248
3016249,1739936702464,563141488640
3021797,1745208594432,564302487552
3027297,1751066767360,564917637120
3032888,1756009570304,565650096128
3038433,1761167978496,566985699328
3044007,1766716403712,567578705920
3049598,1770987806720,568700960768
3055190,1776109277184,569743691776
3060763,1781703090176,569889087488
3066277,1784919863296,571581026304
3071820,1790095810560,572291612672
3077350,1795384336384,572291612672
3082888,1799973675008,573770964992
3088483,1805553528832,574438928384
3093989,1811831693312,574438928384
3099510,1816116273152,575881224192
3105079,1820968579072,576936230912
3110673,1826484350976,576936230912
3116315,1830688124928,578135937024
3121902,1834107613184,579108192256
3127523,1835960029184,579108192256
3133066,1837954060288,579108192256
3138599,1841747042304,581248581632
3144147,1846915776512,581248581632
3149708,1852412952576,581248581632
3155252,1856591638528,581835870208
3160851,1861383471104,582255939584
3166437,1866338025472,582255939584
3171982,1871192215552,582258388992
3177596,1875364507648,583931838464
3183211,1880376381440,584298455040
3188724,1885403885568,584298455040
3194228,1889796055040,585646223360
3199773,1894620102656,586230358016
3205316,1899737006080,586230358016
3210879,1904653488128,587462885376
3216406,1909774364672,588443611136
3222012,1915102760960,588520275968
3227578,1919721062400,589837766656
3233124,1924899942400,590373715968
3238702,1929724866560,591087988736
3244295,1934379266048,591981457408
3249847,1939464396800,592192569344
3255360,1944198234112,593184907264
3260933,1948910776320,594264866816
3266505,1954019405824,594264866816
3272119,1957393203200,595429572608
3277703,1962464374784,596484014080
3283250,1967743500288,596484014080
3288821,1972067094528,597534699520
3294380,1977137029120,598082609152
3299941,1982219223040,598082609152
3305415,1986484162560,599600250880
3310931,1991128219648,600749797376
3316490,1996281102336,600749797376
3322026,2000288505856,602243837952
3327570,2005551276032,602346029056
3333160,2011048935424,602346029056
3338667,2015138713600,603893731328
3344208,2020129189888,604783280128
3349751,2024921477120,605112344576
3355272,2028867301376,606231003136
3360866,2034087202816,606545788928
3366409,2038859354112,606545788928
3371933,2043365650432,608010928128
3377460,2048694943744,608581414912
3383088,2052868542464,608947912704
3388716,2056338284544,610283704320
3394389,2058967093248,610691395584
3399920,2061077835776,610691395584
3405485,2063506100224,612697960448
3411013,2068308869120,612697960448
3416570,2073355358208,612697960448
3422137,2077418733568,613485137920
3427753,2082517684224,614417301504
3433305,2087224246272,614417301504
3438862,2091396055040,615383429120
3444451,2096046235648,615887319040
3450041,2100943544320,615887319040
3455624,2105447669760,616860033024
3461234,2109614845952,617736871936
3466783,2113786146816,617736871936
3472378,2117540585472,618559840256
3477940,2122044534784,619808157696
3483536,2126527369216,620025856000
3489047,2130641932288,621457256448
3494659,2135083397120,622086959104
3500249,2139727409152,623091810304
3505821,2144071307264,623172194304
3511387,2148785483776,624178118656
3516996,2152961380352,624272306176
3522519,2156515479552,625654472704
3528078,2161192919040,626625474560
3533627,2165308919808,627927343104
3539220,2170594390016,628793298944
3544769,2175247233024,628835483648
3550429,2179426119680,630285553664
3555999,2184386666496,630893764608
3561624,2188823347200,631421919232
3567227,2194110095360,631910166528
3572797,2198128152576,632142917632
3578369,2202452254720,633929482240
3583960,2207142367232,634487418880
3589526,2211190566912,635314761728
3595084,2215988899840,635791929344
3600670,2220673941504,636060348416
3606307,2223369797632,637270532096
3611899,2225891700736,637342773248
3617432,2228189114368,637342773248
3623023,2230181785600,638978895872
3628570,2232582094848,645413367808
3634133,2237174784000,645413367808
3639661,2241603543040,645413367808
3645212,2246784868352,645413367808
3650773,2251206320128,646403502080
3656339,2256235552768,646865252352
3661860,2261608022016,646865252352
3667387,2265446481920,647709138944
3672983,2269835337728,648823840768
3678522,2275084738560,649177329664
3684070,2279421607936,650172801024
3689649,2284632420352,651259949056
3695198,2289781907456,651385556992
3700732,2294605197312,651979894784
3706398,2299501133824,653034291200
3711965,2304169054208,653231702016
3717549,2309465190400,653231702016
3723132,2313884852224,654488166400
3728744,2318801899520,654762696704
3734323,2324005109760,654762696704
3739887,2327890489344,655995944960
3745497,2333128069120,657124577280
3751138,2338200834048,657145724928
3756707,2342507708416,658306584576
3762345,2347155709952,658637262848
3767936,2351414173696,658885709824
3773530,2356283506688,660460072960
3779082,2361060089856,660927549440
3784613,2365539188736,661613957120
3790159,2370339835904,662353002496
3795746,2375145189376,662353002496
3801312,2379288797184,663236837376
3806888,2383485730816,664466591744
3812521,2388152467456,664743215104
3818096,2391891234816,665967497216
3823738,2396336820224,666720051200
3829343,2401545351168,666720051200
3834892,2405463674880,668147417088
3840515,2410492694528,668401070080
3846061,2414895878144,669255180288
3851696,2419835121664,669491904512
3857341,2423336472576,670029463552
3862907,2426988085248,671285420032
3868484,2430886080512,672008376320
3874061,2434990981120,672699043840
3879637,2439176146944,674013724672
3885258,2443399720960,674173784064
3890793,2447469875200,675590877184
3896413,2452134895616,676627750912
3901996,2456856039424,676921303040
3907559,2460607938560,677968216064
3913160,2465149435904,677968216064
3918753,2468688764928,678907363328
3924388,2472951881728,679990390784
3930028,2477107433472,680124751872
3935624,2480620675072,681552146432
3941241,2485732454400,681640984576
3946792,2489501474816,682579251200
3952351,2494117183488,683597082624
3957944,2498488455168,683872530432
3963597,2502860705792,685246500864
3969213,2507474272256,685577834496
3974716,2511421587456,686319652864
3980321,2515297112064,687478411264
3985885,2519431000064,687571988480
3991503,2524327636992,687571988480
3997073,2529066733568,687571988480
4002657,2532267913216,689124237312
4008259,2536518230016,689293815808
4013858,2540727406592,690507124736
4019492,2544821866496,691140300800
4025058,2548401684480,691848847360
4030619,2552940773376,692813676544
4036171,2558132129792,692813676544
4041707,2562061393920,694085050368
4047272,2566296145920,695212838912
4052830,2571012251648,695853940736
4058443,2574587408384,697047367680
4064065,2579202764800,697047367680
4069671,2583199203328,698515857408
4075248,2587491221504,699022979072
4080856,2591274946560,700440055808
4086468,2595464134656,700651466752
4092019,2599996420096,700727922688
4097635,2603779850240,702194733056
4103250,2607957327872,703199596544
4108889,2611295453184,704087965696
4114491,2615526412288,705432633344
4120103,2620291825664,705905549312
4125678,2624069005312,707090653184
4131271,2628859527168,707869028352
4136864,2632295247872,708733947904
4142482,2637070295040,709283233792
4148072,2641007161344,709938974720
4153647,2645196443648,711204192256
4159306,2650102132736,711552970752
4164877,2653971947520,712865447936
4170461,2658921046016,713578262528
4176040,2663283777536,714329006080
4181572,2668754817024,715519954944
4187127,2673661001728,716334395392
4192727,2677945282560,717315969024
4198315,2682918100992,717463076864
4203957,2687042977792,718104698880
4209594,2690987999232,719148654592
4215197,2695440310272,719836577792
4220767,2698329886720,721224564736
4226403,2703531405312,721627906048
4231973,2707488886784,722599616512
4237532,2712743718912,723667111936
4243134,2717353275392,724082601984
4248690,2721112784896,725397671936
4254303,2725812559872,725930442752
4259908,2729896816640,726738796544
4265455,2735513583616,727878762496
4271022,2742700122112,728029458432
4276572,2749296914432,728029458432
4282140,2753536630784,728919867392
4287740,2757854760960,730005016576
4293313,2762746343424,730186936320
4298820,2766123769856,731673604096
4304410,2770337902592,732710633472
4309981,2774537531392,733394227200
4315608,2779145162752,734595264512
4321270,2784167440384,734725337088
4326845,2787395878912,736315633664
4332437,2791788630016,737518260224
4338020,2796089835520,738057768960
4343626,2800604520448,739300995072
4349229,2805010497536,739300995072
4354796,2809613950976,740431392768
4360416,2813805756416,741156114432
4365978,2817533861888,741949149184
4371562,2822357495808,742401458176
4377137,2826483150848,742414053376
4382731,2830125993984,744000258048
4388366,2834574991360,744987258880
4393921,2838628798464,746133921792
4399504,2843612311552,746829791232
4405089,2847973900288,747443908608
4410654,2852848627712,748707606528
4416279,2857534636032,749143785472
4421874,2862448177152,750351015936
4427514,2866321936384,750483861504
4433116,2869960003584,751289880576
4438683,2875173548032,752535678976
4444272,2879489089536,752806121472
4449807,2883128279040,754275893248
4455387,2887664578560,755446456320
4460987,2891933368320,756312395776
4466553,2896834985984,757428756480
4472187,2901498163200,757834665984
4477651,2904886788096,758680686592
4483238,2908507324416,758680686592
4488780,2911210459136,764753858560
4494261,2913876156416,767591157760
4499751,2917313282048,767591157760
4505201,2919704645632,767591157760
4510723,2921501167616,767591157760
4516293,2922979684352,767591157760
4521853,2925273632768,767591157760
4527445,2927479943168,770344439808
4533047,2929130315776,776173604864
4538613,2932206329856,777155055616
4544169,2936900624384,777155055616
4549729,2941171703808,777155055616
4555278,2945277005824,777155055616
4560893,2949205639168,777370632192
4566424,2954078449664,778912530432
4572024,2958840852480,779538726912
4577586,2962900226048,779538726912
4583200,2967021125632,779538726912
4588762,2972054667264,779538726912
4594325,2975818297344,780958838784
4599925,2980332912640,781315325952
4605526,2984576892928,781315325952
4611100,2989350023168,781315325952
4616686,2994177277952,781569417216
4622234,2999260471296,783060369408
4627776,3004850995200,783534321664
4633336,3009764319232,784322138112
4638927,3014623592448,785295003648
4644567,3019368988672,785402814464
4650175,3023996026880,787104854016
4655702,3028667535360,787729227776
4661319,3033485918208,787729227776
4666872,3038132494336,788682297344
4672454,3044082683904,789126000640
4678041,3049588387840,789126000640
4683610,3053907677184,789439754240
4689161,3059096514560,790781120512
4694685,3064837464064,791297744896
4700321,3070390038528,791297744896
4705885,3074537189376,792507486208
4711485,3080135147520,792844890112
4717095,3085621596160,792844890112
4722687,3089649823744,794174636032
4728292,3094321401856,795280617472
4733924,3098518413312,795710373888
4739525,3103747284992,795710373888
4745094,3108669489152,796677525504
4750685,3113146126336,797899784192
4756301,3118380601344,797966442496
4761854,3122995449856,799255285760
4767434,3128044208128,800103231488
4773043,3132366872576,800578371584
4778668,3136593842176,802212024320
4784290,3141482827776,802552713216
4789856,3145358135296,803566395392
4795450,3150158192640,804766105600
4801114,3155331313664,804990455808
4806703,3159259799552,806331215872
4812301,3164477538304,807620648960
4817907,3170534690816,807854804992
4823470,3176316157952,807854804992
4829061,3180864888832,808225079296
4834694,3185432363008,809079787520
4840338,3190464892928,809079787520
4845952,3194742325248,810380308480
4851567,3199551873024,810568237056
4857146,3202804445184,811873673216
4862784,3207281184768,812445134848
4868377,3212761026560,812445134848
4873928,3216500355072,814055120896
4879521,3221458849792,815001624576
4885075,3226504372224,815754313728
4890693,3231371620352,817175965696
4896295,3235893030912,817344888832
4901902,3240588451840,818401423360
4907533,3246573821952,818401423360
4913142,3250635137024,819237842944
4918729,3255469862912,820430028800
4924323,3260561063936,820630843392
4929899,3264360689664,821718364160
4935540,3269443014656,822827663360
4941154,3275011878912,822897045504
4946789,3279206199296,824323301376
4952392,3284719910912,824724131840
4957899,3289694416896,824724217856
4963490,3294307966976,826248163328
4969090,3299938140160,826807676928
4974669,3303964553216,827233492992
4980292,3308110405632,829165101056
4985914,3313487482880,829217820672
4991497,3317483995136,830032433152
4997057,3322853814272,831316111360
5002692,3327643885568,831723868160
5008272,3332388880384,832778424320
5013871,3337070718976,833454915584
5019446,3341590601728,833454915584
5025028,3345650855936,834534207488
5030581,3351708078080,835327127552
5036172,3356408537088,835327139840
5041733,3360053940224,836834619392
5047345,3365349175296,837889843200
5052963,3369534840832,838153347072
5058572,3373350653952,839948218368
5064225,3378225381376,840593465344
5069798,3382429941760,840923906048
5075461,3387219111936,842496851968
5081103,3391731306496,843347734528
5086755,3395276312576,844687523840
5092423,3399374168064,845742624768
5098060,3403684106240,846060941312
5103616,3408472731648,847654395904
5109271,3412856377344,848513236992
5114895,3416459911168,849491054592
5120504,3420983164928,850797375488
5126139,3425784815616,851402620928
5131786,3428782686208,852449996800
5137469,3433835679744,853066227712
5143073,3438492409856,853066227712
5148686,3442957709312,854388158464
5154318,3448205230080,855025332224
5159932,3452892954624,855025332224
5165533,3457005383680,856250806272
5171084,3461623939072,857484152832
5176731,3466549145600,857957154816
5182354,3470617673728,859552059392
5187923,3475228389376,860376064000
5193560,3480588570624,860376064000
5199149,3484479995904,861530566656
5204726,3489071538176,862564589568
5210325,3494128316416,862848393216
5215854,3498339348480,863960678400
5221465,3503055163392,864654671872
5227106,3507555233792,864654671872
5232662,3510774345728,866161561600
5238248,3515117273088,867304493056
5243848,3520234225664,867433259008
5249446,3523690020864,868755853312
5255001,3528043708416,870224375808
5260618,3532945059840,870290538496
5266236,3536536760320,871633969152
5271788,3541175730176,872843231232
5277382,3546205999104,872997347328
5282990,3550178938880,874140037120
5288537,3554915909632,875153039360
5294122,3560208097280,875153039360
5299697,3563896254464,876522426368
5305238,3568998240256,877794193408
5310833,3573910941696,877803827200
5316477,3577509609472,879525052416
5322064,3581707988992,880425549824
5327641,3586734194688,880577978368
5333205,3590755758080,881743732736
5338852,3595356594176,882840432640
5344606,3597000847360,882840436736
5350246,3601660354560,883053756416
5355887,3605959430144,884438806528
5361480,3611079086080,884781965312
5367119,3615005929472,885519630336
5372700,3619268292608,886817619968
5378283,3623475900416,887896604672
5383874,3627443761152,888317685760
5389547,3631977390080,890089590784
5395120,3636834144256,890262978560
5400714,3640480755712,890262978560
5406267,3643292921856,891415617536
5411852,3647051784192,892615659520
5417499,3651880452096,892634509312
5423092,3655096918016,893706514432
5428691,3660029050880,894857216000
5434233,3664334102528,895273529344
5439869,3668778700800,895273529344
5445452,3672525213696,896308600832
5451058,3677672177664,897410236416
5456644,3682567036928,898201808896
5462303,3687659610112,898234601472
5467868,3691922874368,898234601472
5473471,3695437336576,899021115392
5479062,3699991404544,900364292096
5484700,3704229416960,900788563968
5490295,3708183117824,900788563968
5495940,3712296513536,900788563968
5501545,3716208459776,900792033280
5507195,3719701864448,902348271616
5512786,3723712380928,903003496448
5518400,3727857278976,903003496448
5524027,3732060860416,903003496448
5529607,3735583375360,903793123328
5535208,3739839213568,904773349376
5540808,3743933566976,905347489792
5546444,3748339613696,905347489792
5552058,3751996841984,905962729472
5557816,3755789451264,907336364032
5563433,3759696015360,907902361600
5569006,3763741126656,907902361600
5574649,3768192761856,907965169664
5580328,3771262959616,909360488448
5585962,3773011922944,910046900224
5591599,3775775932416,910046900224
5597227,3778230419456,911798333440
5602751,3781966548992,913095487488
5608307,3785389723648,913095487488
5613888,3789415477248,913095487488
5619497,3793658908672,913095487488
5625020,3797130981376,913430847488
5630621,3801303633920,914825637888
5636193,3805021552640,915120906240
5641850,3808889995264,915120906240
5647455,3812492767232,915120906240
5653073,3815827767296,916669988864
5658668,3819560640512,916697382912
5664229,3823713320960,916697382912
5669761,3827400130560,916895682560
5675355,3830903009280,918652182528
5680953,3834966548480,919796088832
5686555,3838484537344,920299061248
5692154,3842798034944,920299061248
5697761,3846310412288,922086379520
5703385,3850844569600,923063898112
5708978,3855808872448,923063898112
5714622,3859979161600,923063898112
5720133,3864212103168,923063898112
5725754,3868013699072,924787494912
5731324,3872690765824,925288116224
5736887,3876508135424,925288116224
5742439,3880472043520,925288116224
5748007,3884357857280,926819385344
5753624,3888419905536,927256694784
5759266,3892008402944,927256694784
5764914,3895096406016,928763203584
5770505,3899634733056,929904369664
5776225,3901279645696,930575507456
5781812,3904714510336,930575507456
5787426,3908223082496,930945794048
5793089,3911661146112,932115054592
5798693,3915838312448,932115054592
5804252,3919270219776,932115054592
5809814,3923234545664,933306089472
5815400,3927184478208,934394310656
5821014,3931636133888,934800912384
5826529,3935832555520,934800912384
5832084,3940236042240,934800912384
5837705,3944113283072,936166494208
5843319,3948928761856,937077374976
5848944,3953579237376,937077374976
5854554,3957289119744,937077374976
5860175,3960368873472,938229628928
5865752,3964454903808,939405156352
5871382,3968561156096,939946446848
5877006,3972299100160,939946446848
5882630,3976038854656,939946446848
5888216,3979736293376,941648478208
5893788,3984793731072,942080970752
5899344,3989291716608,942080970752
5904900,3993134075904,942080970752
5910529,3996042522624,942447267840
5916158,4000028774400,943888596992
5921767,4004050329600,944816496640
5927406,4007932940288,944903680000
5933014,4012179218432,944903680000
5938597,4015563177984,946423095296
5944245,4019734007808,947000541184
5949842,4024383217664,947000541184
5955456,4028756598784,947000541184
5961031,4032568332288,948241125376
5966639,4037417639936,949313347584
5972284,4042031489024,949505318912
5977848,4046584594432,949505318912
5983457,4050862981120,949505318912
5989083,4054013181952,950949629952
5994634,4058805755904,951394287616
6000181,4063513178112,951394320384
6005758,4068434644992,951394320384
6011325,4072500199424,952673734656
6016875,4077166284800,953687121920
6022498,4082445541376,954041106432
6028092,4087965364224,954057719808
6033717,4093223223296,954057719808
6039278,4097118351360,955528892416
6044868,4102251560960,956534116352
6050470,4107506073600,956593942528
6056102,4112839528448,956593942528
6061701,4116959158272,957503131648
6067256,4121614340096,958742974464
6072778,4126783840256,959512825856
6078328,4131286016000,959547568128
6083947,4136310300672,959547568128
6089568,4141405368320,959547568128
6095095,4145090125824,960397107200
6100676,4149319868416,961677291520
6106249,4154693021696,961677291520
6111831,4159256309760,961677291520
6117476,4163601719296,961677291520
6123093,4168069951488,961677291520
6128666,4171997265920,963222077440
6134265,4176810729472,963683979264
6139854,4182160695296,963912802304
6145465,4186545238016,963912802304
6151013,4190511837184,965057425408
6156637,4195360862208,965582495744
6162236,4199798788096,965749829632
6167874,4204445892608,965749829632
6173491,4208899629056,966548353024
6179077,4212879642624,967740891136
6184640,4217662042112,968798093312
6190240,4222329847808,968862318592
6195817,4226034847744,969586982912
6201554,4230376452096,970578849792
6207169,4235306278912,970794946560
6212819,4239779008512,970794946560
6218363,4242557718528,972306243584
6223930,4246489772032,973137932288
6229504,4251833425920,973137932288
6235046,4255294287872,974637834240
6240612,4259427250176,975778152448
6246202,4263829680128,976272510976
6251798,4268300255232,976272510976
6257385,4271809064960,977868558336
6262994,4276952920064,978719576064
6268627,4282030284800,978849132544
6274261,4285554937856,979746734080
6279869,4290138120192,980963160064
6285509,4294872281088,981048066048
6291168,4299527294976,981048066048
6296785,4303588220928,981867831296
6302335,4308559638528,982762225664
6307929,4313186500608,983063846912
6313544,4317502717952,983218208768
6319145,4320850104320,984333090816
6324768,4325580255232,984998072320
6330435,4327141441536,985408761856
6335982,4331776151552,985408761856
6341588,4335329632256,986789953536
6347156,4340029132800,987799322624
6352797,4345151655936,988072812544
6358372,4350256189440,988161413120
6364015,4354350624768,989756608512
6369602,4359394398208,990034198528
6375241,4363806744576,990034198528
6380802,4367288844288,991505678336
6386468,4371657576448,992186945536
6392091,4376179281920,992186945536
6397690,4380913061888,992296251392
6403357,4384952442880,993807761408
6408958,4389627838464,994139185152
6414528,4394925830144,994139185152
6420156,4399857983488,994139185152
6425746,4403177025536,995313999872
6431319,4407571214336,996354076672
6436894,4412447084544,997247897600
6442555,4416961384448,997521584128
6448165,4421517545472,997521584128
6453698,4424963313664,997521584128
6459280,4428219985920,998975840256
6464857,4432750575616,999584239616
6470426,4437966389248,999584239616
6476069,4442330431488,999584239616
6481661,4446728826880,999584239616
6487225,4450251730944,1000901423104
6492828,4454807760896,1001975070720
6498416,4459569930240,1002343264256
6504003,4464383647744,1002343264256
6509602,4469580353536,1002343264256
6515185,4474995691520,1002343264256
6520686,4479087800320,1003609444352
6526330,4483506458624,1004536090624
6531881,4488604819456,1004839718912
6537451,4493017812992,1005023997952
6543075,4497180323840,1005023997952
6548589,4502500569088,1005023997952
6554128,4507309293568,1006659055616
6559734,4512705916928,1007705309184
6565325,4518438211584,1007837020160
6570969,4522718531584,1007837020160
6576532,4527645224960,1007837020160
6582141,4532426747904,1007837020160
6587646,4536096600064,1008718024704
6593253,4540394295296,1009688928256
6598836,4544919789568,1009787101184
6604447,4550040903680,1009787101184
6610003,4555249836032,1009787101184
6615619,4559783886848,1009787101184
6621209,4563254939648,1010724548608
6626786,4567959764992,1011832471552
6632359,4572385320960,1012573876224
6637942,4576717844480,1012573876224
6643554,4580649234432,1012573876224
6649157,4584787111936,1012573876224
6654738,4588803690496,1012573876224
6660338,4593060151296,1012573876224
6665858,4596428099584,1013873860608
6671473,4600470917120,1014473555968
6677077,4605749620736,1014473555968
6682733,4609913655296,1014473555968
6688372,4613244461056,1015497080832
6693984,4617334521856,1016769122304
6699581,4621496897536,1017115422720
6705158,4626899701760,1017115422720
6710686,4631136120832,1017115422720
6716232,4634820136960,1018687918080
6721843,4639033585664,1019364171776
6727448,4643281686528,1019364171776
6733044,4647893704704,1019364171776
6738601,4652284035072,1020091207680
6744164,4655766450176,1020973268992
6749700,4659511558144,1021489041408
6755275,4661802086400,1021489041408
6760865,4664180166656,1021489041408
6766362,4666914291712,1021489041408
6771917,4670915588096,1021489041408
6777496,4672834334720,1029903257600
6783130,4673738502144,1030127718400
6788619,4677345579008,1030127718400
6794182,4681288814592,1030127718400
6799705,4685003218944,1032417415168
6805347,4686897065984,1038987776000
6810945,4689298169856,1038987776000
6816569,4690764349440,1038987776000
6822178,4692364918784,1038987776000
6827860,4694796034048,1038987776000
6833474,4697376026624,1038987776000
6839113,4699201871872,1047572729856
6844812,4699755802624,1047572729856
6850414,4702366158848,1047572729856
6856006,4704586645504,1051869384704
6861595,4708561858560,1051869384704
6867268,4712477704192,1051869384704
6872879,4717257084928,1051869384704
6878495,4721834881024,1051869384704
6884114,4726441902080,1051869384704
6889698,4730657095680,1051869384704
6895373,4735239798784,1051869384704
6901013,4739707486208,1052861222912
6906681,4745136754688,1053912285184
6912369,4750186348544,1054310629376
6917968,4754522652672,1054310629376
6923642,4758864527360,1054310629376
6929310,4763475415040,1054310629376
6934937,4767686578176,1054714044416
6940660,4772283187200,1056483086336
6946351,4777384419328,1056748920832
6951990,4782669250560,1056748920832
6957651,4787767259136,1056748920832
6963308,4793123471360,1056748920832
6969007,4798640111616,1056748920832
6974671,4802121105408,1057754591232
6980390,4805366743040,1059975680000
6986102,4806876508160,1059975680000
6991754,4812014026752,1059975680000
6997380,4816890445824,1059975680000
7003000,4821576220672,1059975680000
7008627,4827158716416,1059975680000
7014265,4831146221568,1060746932224
7019911,4836612952064,1061803184128
7025584,4841863905280,1062368251904
7031253,4846609813504,1062368251904
7036930,4851032608768,1062368251904
7042648,4855232892928,1062368251904
7048277,4858671747072,1063947558912
7053987,4862976593920,1064568684544
7059687,4867525181440,1064568684544
7065331,4871943999488,1064568684544
7071053,4875800961024,1064882692096
7076749,4879291871232,1066563547136
7082438,4883608883200,1067266752512
7088128,4888503361536,1067266752512
7093852,4892751667200,1067266752512
7099516,4896538513408,1068571308032
7105161,4900881891328,1070052311040
7110852,4906017382400,1070530400256
7116475,4911708520448,1070530400256
7122187,4916947533824,1070530400256
7127843,4921304543232,1070667427840
7133578,4925586030592,1072338145280
7139220,4930691272704,1072817414144
7144878,4935822356480,1072830906368
7150543,4940872171520,1072830906368
7156203,4946586030080,1072830906368
7161877,4951639379968,1072830906368
7167542,4955490000896,1074289438720
7173234,4960278900736,1075194486784
7178922,4965655601152,1075916578816
7184600,4970592542720,1076243505152
7190266,4975600205824,1076243505152
7195864,4981234573312,1076243505152
7201564,4986144727040,1076243505152
7207193,4990363181056,1076752748544
7212899,4995114504192,1078117314560
7218542,4999919521792,1078864269312
7224194,5004831322112,1078864269312
7229836,5009375768576,1078864269312
7235510,5013676503040,1078864269312
7241108,5018945228800,1078864269312
7246728,5022537539584,1079972352000
7252433,5027306184704,1081174171648
7258121,5032452476928,1081457938432
7263770,5037970550784,1081457938432
7269398,5043268804608,1081457938432
7275021,5048532267008,1081457938432
7280630,5052516098048,1082363817984
7286319,5057346179072,1083650883584
7292043,5062130724864,1083726684160
7297678,5067226304512,1083726684160
7303329,5072499871744,1083726684160
7308965,5078090530816,1083726684160
7314640,5082292027392,1085302669312
7320341,5087392616448,1085640998912
7325977,5092730126336,1085640998912
7331653,5098031378432,1085640998912
7337268,5103896621056,1085640998912
7342902,5108658073600,1085640998912
7348550,5112449081344,1086850412544
7354205,5117043105792,1087998398464
7359935,5121762947072,1088270041088
7365598,5126512259072,1088270041088
7371241,5131008245760,1088270041088
7376970,5135792750592,1088270041088
7382604,5139463012352,1089597730816
7388234,5145290928128,1090545627136
7393939,5150027243520,1090545627136
7399635,5154698928128,1090545627136
7405319,5159409192960,1090545627136
7410987,5164114022400,1090545627136
7416646,5168235282432,1091283214336
7422396,5173219721216,1092433117184
7428046,5178019516416,1093032910848
7433719,5183441842176,1093032910848
7439413,5189250744320,1093032910848
7445085,5194946424832,1093032910848
7450753,5201249447936,1093032910848
7456438,5205554167808,1094140649472
7462045,5210862977024,1095132663808
7467768,5216950947840,1095166451712
7473437,5222493229056,1095166451712
7479159,5227857297408,1095166451712
7484843,5232888901632,1095166451712
7490603,5234545053696,1095166451712
7496255,5238822744064,1095681830912
7501946,5243506638848,1097372422144
7507628,5248258519040,1098411491328
7513337,5252970786816,1098813050880
7518997,5258386419712,1098813050880
7524707,5264312516608,1098813050880
7530379,5270053543936,1098813050880
7536018,5274793828352,1099954069504
7541694,5280298278912,1100891926528
7547342,5286012514304,1100891926528
7552961,5291461308416,1100891926528
7558585,5296761192448,1100891926528
7564257,5302791065600,1100891926528
7569863,5307988533248,1100891926528
7575505,5312054513664,1102281441280
7581192,5316765966336,1103197593600
7586870,5321945669632,1103197593600
7592550,5327706357760,1103197593600
7598179,5333084221440,1103197593600
7603784,5338718203904,1103197593600
7609419,5344792993792,1103197593600
7615056,5349043089408,1104638824448
7620753,5354416582656,1105033285632
7626393,5359818969088,1105033285632
7632042,5365701840896,1105033285632
7637714,5370998685696,1105033285632
7643283,5377346248704,1105033285632
7648960,5382794625024,1105033285632
7654658,5387726094336,1105033379840
7660355,5390990344192,1106725421056
7666064,5395186511872,1107863568384
7671745,5399453224960,1108216053760
7677437,5403674632192,1108216053760
7683142,5408369422336,1108216053760
7688802,5412685742080,1108216053760
7694515,5417634263040,1108216053760
7700100,5423695970304,1108216053760
7705799,5427648294912,1109790576640
7711531,5433006694400,1110429319168
7717192,5438150135808,1110429319168
7722856,5442986504192,1110429319168
7728491,5448165441536,1110429319168
7734163,5453860569088,1110429319168
7739832,5459354406912,1110429319168
7745531,5463707058176,1111151054848
7751240,5468277534720,1112268435456
7756909,5472927100928,1112491368448
7762658,5476544696320,1112491368448
7768318,5481053265920,1112491368448
7773993,5485523488768,1112491368448
7779666,5489208217600,1112840695808
7785346,5493330202624,1114294996992
7791070,5498112368640,1114900705280
7796787,5502953033728,1114939432960
7802465,5507562573824,1114939432960
7808121,5512227803136,1114939432960
7813799,5515897319424,1116344078336
7819471,5520478535680,1117200273408
7825122,5525610119168,1117513551872
7830820,5530789163008,1117513551872
7836551,5535287377920,1117513551872
7842245,5539760545792,1117513551872
7847936,5544336596992,1117513551872
7853612,5548043481088,1118906798080
7859329,5552310071296,1119670030336
7865055,5556667990016,1119808929792
7870719,5560716673024,1119808929792
7876401,5564275392512,1120523415552
7882036,5568471887872,1121616547840
7887739,5572860571648,1122625568768
7893483,5574450626560,1122916409344
7899071,5580259627008,1122916409344
7904704,5585911050240,1122987339776
7910428,5589895274496,1124487385088
7916181,5594955321344,1124511105024
7921888,5600091828224,1124511105024
7927571,5603861487616,1125640069120
7933220,5608845651968,1126738501632
7938857,5613985845248,1127411527680
7944573,5619155079168,1127411527680
7950231,5623526125568,1128376074240
7955936,5628186267648,1129672691712
7961730,5632477184000,1130050433024
7967433,5637930975232,1130050433024
7973098,5642082729984,1130725138432
7978792,5646522167296,1132100546560
7984510,5651600240640,1132398419968
7990143,5656198848512,1132398419968
7995793,5660501413888,1133697691648
8001485,5665206624256,1134822100992
8007205,5670435586048,1135330914304
8012905,5675814912000,1135522988032
8018575,5679607640064,1137136771072
8024285,5683768188928,1137885868032
8029968,5687563476992,1138047348736
8035643,5692732395520,1138047348736
8041346,5698083258368,1138047348736
8046992,5703417827328,1138047348736
8052608,5708052140032,1139262447616
8058318,5713263943680,1139938033664
8063932,5718222946304,1139938033664
8069599,5723752505344,1139938033664
8075267,5729437843456,1139938033664
8080953,5734691778560,1140094881792
8086619,5739338813440,1141401014272
8092301,5745123205120,1142278586368
8098011,5751108702208,1142715670528
8103662,5756137197568,1142715670528
8109335,5761509527552,1142715670528
8114971,5766894632960,1142715670528
8120630,5771039563776,1143987789824
8126315,5775886278656,1144530608128
8131994,5781064945664,1144530608128
8137682,5786301902848,1144530608128
8143319,5790254768128,1145490243584
8148993,5794786512896,1146749321216
8154648,5799582081024,1147874676736
8160320,5805203296256,1148731617280
8165975,5811339771904,1148820783104
8171599,5816984133632,1148820783104
8177235,5821585203200,1150542376960
8182881,5827329286144,1151331082240
8188535,5833335721984,1151331082240
8194148,5838554263552,1151331082240
8199818,5843581546496,1151448702976
8205428,5848242282496,1153100791808
8211106,5853506588672,1153310203904
8216800,5859212468224,1153310203904
8222464,5864991584256,1153310203904
8228081,5869580681216,1154652131328
8233711,5874840137728,1155678629888
8239394,5880076730368,1155779518464
8245088,5885826191360,1155779518464
8250745,5890722947072,1155899457536
8256442,5895119171584,1157430857728
8262120,5900177117184,1158467252224
8267865,5905443913728,1158959230976
8273560,5910847049728,1158959230976
8279214,5915043127296,1159670091776
8285034,5919901802496,1160825671680
8290763,5921587556352,1161152389120
8296448,5927258947584,1161152389120
8302145,5932810706944,1161152389120
8307787,5937563422720,1161935106048
8313479,5942399295488,1163142209536
8319160,5947525582848,1163184267264
8324873,5953014726656,1163184267264
8330556,5957473562624,1164090454016
8336290,5962707509248,1164447498240
8341984,5967968669696,1164447498240
8347611,5973203537920,1164447498240
8353283,5977779933184,1164588244992
8359080,5981009465344,1166910345216
8364793,5985230278656,1168446930944
8370469,5990290681856,1168677093376
8376133,5995575074816,1168677093376
8381818,5999773450240,1168677093376
8387474,6004830662656,1168677093376
8393078,6009159524352,1169831321600
8398805,6014138191872,1170712629248
8404440,6019100893184,1170795880448
8410080,6024130211840,1170795880448
8415754,6029540532224,1170795880448
8421421,6033522008064,1172250079232
8427110,6038463320064,1173058785280
8432803,6043420852224,1173644316672
8438499,6049240932352,1173686538240
8444139,6053723418624,1174662406144
8449801,6059058974720,1175690829824
8455518,6064677167104,1175800193024
8461193,6070250639360,1175800193024
8466809,6076037349376,1175800193024
8472462,6080289435648,1177304301568
8478132,6085670137856,1178459406336
8483753,6091150626816,1178933956608
8489398,6096717012992,1179262865408
8495098,6101772603392,1179529523200
8500743,6106673336320,1181345488896
8506440,6112150478848,1182026944512
8512126,6117785411584,1182026944512
8517769,6123227086848,1182249594880
8523490,6128124112896,1183722180608
8529183,6133243748352,1184646615040
8534927,6138712940544,1184646615040
8540606,6143278010368,1185656532992
8546335,6148676186112,1186874675200
8552082,6154036248576,1187462897664
8557754,6159689256960,1187462897664
8563432,6163963101184,1188406988800
8569131,6169115004928,1189524492288
8574844,6174746431488,1190211387392
8580553,6180043702272,1190368448512
8586274,6184770977792,1191165857792
8592063,6189938094080,1191871463424
8597740,6195215032320,1191871463424
8603382,6200637952000,1191871463424
8608983,6204986122240,1192760270848
8614637,6210041978880,1193761230848
8620344,6215751884800,1193964138496
8626005,6221371445248,1193964138496
8631673,6225923649536,1194563026944
8637363,6231594475520,1195233972224
8643053,6237222367232,1195233972224
8648705,6242543763456,1195233972224
8654342,6247782039552,1195233972224
8660009,6251436339200,1196798132224
8665700,6257088376832,1197975121920
8671363,6262255747072,1198618796032
8677125,6264271167488,1198679769088
8682749,6270715199488,1198679769088
8688365,6276609454080,1198679769088
8694000,6280979804160,1199781097472
8699695,6286425432064,1200448380928
8705384,6292754612224,1200448380928
8711010,6298004844544,1200448380928
8716588,6302613151744,1201549598720
8722281,6308190851072,1202792083456
8727956,6313713102848,1203776090112
8733675,6319238475776,1203812073472
8739359,6323796561920,1204455571456
8744996,6327353323520,1206291156992
8750597,6332630122496,1206291156992
8756228,6337695588352,1206291156992
8761854,6342729846784,1206291156992
8767484,6346699571200,1207959728128
8773145,6351603564544,1208920367104
8778845,6356790845440,1209059303424
8784500,6362116169728,1209059303424
8790178,6367111241728,1209377009664
8795885,6371327676416,1211200901120
8801543,6376373501952,1211618529280
8807228,6381806043136,1211618529280
8812943,6386975215616,1211618529280
8818597,6391014989824,1212997455872
8824278,6395881746432,1214289899520
8829923,6401218129920,1214343426048
8835609,6406940073984,1214343426048
8841299,6411441631232,1214343426048
8846968,6415673409536,1215395196928
8852654,6420163002368,1215814012928
8858318,6425712332800,1215814012928
8864014,6430906744832,1215814012928
8869685,6435263598592,1217065889792
8875353,6440720871424,1218085085184
8881033,6446082301952,1218334818304
8886685,6451849175040,1218334818304
8892329,6457832411136,1218334818304
8898014,6461982679040,1219628240896
8903734,6467255181312,1220192296960
8909444,6472507707392,1220238987264
8915116,6477776711680,1220238987264
8920792,6481935273984,1221533970432
8926477,6486758649856,1222389874688
8932205,6491778674688,1222672310272
8937902,6496792952832,1222672310272
8943595,6500987756544,1224244899840
8949268,6506266599424,1225256194048
8954924,6510959009792,1226075881472
8960615,6514971803648,1227342245888
8966293,6519979896832,1228577452032
8972031,6525453152256,1229605060608
8977762,6526932008960,1229698154496
8983425,6531876343808,1229698154496
8989108,6536877494272,1229698154496
8994761,6541620125696,1231258066944
9000424,6547484135424,1232464519168
9006023,6553485873152,1232815128576
9011631,6560017158144,1232815128576
9017295,6566109396992,1232815128576
9022917,6570343436288,1234213257216
9028609,6575434158080,1235378413568
9034267,6580432572416,1235633139712
9039939,6585249501184,1235633139712
9045576,6590060367872,1235977695232
9051301,6594636066816,1237195132928
9056944,6599914889216,1237220433920
9062630,6605558751232,1237220433920
9068303,6610048180224,1238061096960
9073955,6615205883904,1239179943936
9079622,6620633149440,1240019918848
9085306,6625851969536,1240019918848
9090995,6631294926848,1240019918848
9096664,6635611680768,1241385893888
9102307,6640378900480,1242733338624
9107990,6645665161216,1243307192320
9113717,6650890682368,1243373092864
9119382,6655079845888,1244354981888
9125055,6660342198272,1245588656128
9130808,6665313443840,1246272983040
9136501,6669508648960,1247194030080
9142273,6674468229120,1247272284160
9147966,6679451062272,1247272284160
9153641,6683336019968,1248358854656
9159305,6688428376064,1249378701312
9164979,6693427556352,1250475749376
9170695,6698503802880,1250806259712
9176388,6702620598272,1251990241280
9182179,6704166772736,1252793843712
9187886,6709222273024,1253094174720
9193588,6714178400256,1253094174720
9199247,6718390968320,1254310547456
9204953,6723412844544,1255571132416
9210631,6728395997184,1256385601536
9216353,6733597212672,1256689070080
9222048,6738307833856,1257895665664
9227766,6743757041664,1258224328704
9233436,6748933976064,1258224328704
9239083,6753347555328,1259319185408
9244810,6758408220672,1260420771840
9250486,6763368112128,1260727840768
9256143,6767530827776,1261234102272
9261968,6772689432576,1262680817664
9267664,6778216034304,1263069638656
9273403,6783564230656,1263265079296
9279066,6787812773888,1264622616576
9284758,6793416650752,1265734914048
9290476,6798319702016,1266168147968
9296132,6802501656576,1267199397888
9301922,6807048617984,1268281200640
9307550,6812192256000,1268281200640
9313225,6817103077376,1268281200640
9318896,6821073559552,1269558616064
9324565,6826111696896,1270771408896
9330291,6831093125120,1271764856832
9335997,6835590905856,1271802892288
9341664,6839747866624,1273031802880
9347363,6845179863040,1273634136064
9353034,6850521939968,1273963274240
9358732,6855982194688,1274061492224
9364437,6861711945728,1274061492224
9370086,6866026995712,1275672899584
9375727,6871038156800,1276858519552
9381475,6876645650432,1276905828352
9387198,6881351434240,1276905828352
9392882,6885230637056,1278367244288
9398574,6890139639808,1278826713088
9404249,6895012077568,1278826713088
9409933,6898501648384,1279920402432
9415590,6903279337472,1281034883072
9421258,6908249657344,1281224650752
9426954,6912833212416,1281224650752
9432600,6916654903296,1282669580288
9438244,6921400102912,1283007287296
9444010,6925987422208,1283143045120
9449748,6929379385344,1284035526656
9455515,6932281794560,1285234511872
9461243,6935270895616,1285916602368
9466989,6937719152640,1286356054016
9472645,6940160208896,1286356054016
9478385,6942478409728,1286356054016
9484147,6943991742464,1286356054016
9489917,6944134107136,1286356054016
9495610,6946613653504,1286356054016
9501247,6950425931776,1287827566592
9506920,6954986606592,1287827566592
9512591,6959586611200,1287827566592
9518221,6964057772032,1287827566592
9523846,6968902868992,1287827566592
9529496,6973210509312,1287827566592
9535155,6976656814080,1288628551680
9540923,6981544165376,1289982636032
9546605,6986350030848,1290998476800
9552293,6990962622464,1291148996608
9558011,6995438743552,1291148996608
9563703,6999445733376,1291210575872
9569445,7003812081664,1292962369536
9575138,7008382771200,1293724237824
9580868,7012999208960,1293724237824
9586632,7016769564672,1294122135552
9592465,7021532561408,1295231758336
9598180,7026097786880,1295231758336
9603900,7030793097216,1295231758336
9609598,7034573299712,1296047321088
9615333,7037572136960,1297049513984
9621017,7039838056448,1297049513984
9626705,7041804275712,1297049513984
9632430,7043968466944,1297049513984
9638138,7045500010496,1297049513984
9643755,7047568809984,1297049513984
9649407,7050315190272,1297049513984
9655112,7053134766080,1297049513984
9660796,7055563288576,1297049513984
9666514,7056899526656,1297049513984
9672232,7059134025728,1297049513984
9677965,7059875745792,1297049513984
9683714,7062493663232,1297049513984
9689416,7065072050176,1297049513984
9695153,7066893697024,1297049513984
9700890,7068626923520,1297940951040
9706550,7072493682688,1298240008192
9712253,7076637196288,1298240008192
9717890,7081043529728,1298240008192
9723547,7085505970176,1298240008192
9729224,7089877794816,1298240008192
9734876,7094031269888,1298240008192
9740540,7097414242304,1299492564992
9746218,7101882126336,1300585431040
9751942,7106454200320,1300585431040
9757619,7110635864064,1300585431040
9763322,7115278135296,1300585431040
9768996,7119239737344,1302417936384
9774650,7123737931776,1303367868416
9780376,7128016523264,1303655591936
9786024,7132262776832,1303655591936
9791696,7136143380480,1303655591936
9797400,7139560673280,1304535150592
9803101,7143972917248,1305483886592
9808832,7148373979136,1305497161728
9814498,7152152522752,1305497161728
9820111,7155846905856,1305497161728
9825769,7159493177344,1306946678784
9831438,7163797979136,1307958415360
9837105,7167417032704,1308162985984
9842722,7171644035072,1308162985984
9848382,7176105717760,1308162985984
9854045,7179027275776,1308163092480
9859731,7179617849344,1309224935424
9865806,7180562599936,1310259261440
9871611,7180765622272,1310449020928
9877353,7180765622272,1310449020928
9883082,7180765634560,1310449020928
9888795,7180765667328,1310449020928
9894494,7180765679616,1310449020928
9900236,7180765712384,1310449020928
9905932,7180765712384,1310449020928
9911653,7180765712384,1310449020928
9917361,7180766126080,1310449020928
9922794,7180766126080,1310449020928
9928253,7180766126080,1310449020928
9933684,7180766126080,1310449020928
9939128,7180766126080,1310449020928
9944619,7180766126080,1310449020928
9950086,7180766126080,1310449020928
9955541,7180766126080,1310449020928
9961037,7180766126080,1310449020928
9966502,7180766126080,1310449020928
9971929,7180766126080,1310449020928
9977376,7180766126080,1310449020928
9982836,7180766126080,1310449020928
9988291,7180766126080,1310449020928
9993744,7180766126080,1310449020928
9999213,7180766126080,1310449020928
10004677,7180766126080,1310449020928
10010112,7180766126080,1310449020928
10015569,7180766126080,1310449020928
10021025,7180766126080,1310449020928
10026477,7180766126080,1310449020928
10031919,7180766126080,1310449020928
