timestamp_ms,phys_footprint,phys_footprint_peak
1,10485760,11534336
5343,294649856,295698432
10721,306184192,306184192
16072,315621376,315621376
21453,337641472,337641472
26796,378535936,390070272
32162,426770432,434110464
37513,569376768,569376768
42830,787480576,787480576
48164,916455424,916455424
53522,1080033280,1124073472
58875,1332740096,1369440256
64235,1884291072,1884291072
69573,1972371456,2126512128
74938,2315255808,2397044736
80280,2602565632,2665480192
85608,2801795072,2896166912
90950,3278897152,3278897152
96297,3697278976,3823108096
101646,4182769664,4249878528
107018,4624220160,4731174912
112375,5222957056,5286920192
117713,5391777792,5403312128
123117,5334106112,5495586816
128472,5448400896,5495586816
133871,5108662272,5495586816
139234,5390729216,5495586816
144641,5564792832,5572132864
150010,5379194880,5598347264
155365,5170528256,5598347264
160748,5510266880,5598347264
166082,5214568448,5598347264
171482,5253365760,5598347264
176844,5142216704,5598347264
182210,5479858176,5689573376
187598,5750390784,5866782720
193001,5676990464,5866782720
198378,5735710720,5866782720
203772,5295308800,5866782720
209128,5384437760,5866782720
214471,5561647104,5866782720
219884,5421137920,5866782720
225232,5394923520,5866782720
230601,5441060864,5866782720
235950,5474615296,5866782720
241352,5459935232,5876219904
246926,5595201536,6213861376
252483,6016729088,6213861376
258003,5688524800,6213861376
263619,5572132864,6213861376
269134,5744099328,6213861376
274663,5492441088,6213861376
280186,5919211520,6213861376
285706,5681184768,6213861376
291204,5983174656,6213861376
296758,5511315456,6213861376
302325,5822742528,6213861376
307887,6159335424,6230638592
313447,5860491264,6280970240
318991,5950668800,6280970240
324634,5994708992,6280970240
330200,5753536512,6280970240
335723,5708447744,6280970240
341300,5735710720,6280970240
346876,5902434304,6447693824
352411,6012534784,6856638464
357928,5856296960,6856638464
363482,7065305088,7183794176
369041,6110052352,7183794176
374615,6340739072,7183794176
380198,6008340480,7183794176
385774,6461325312,7183794176
391369,6568280064,7183794176
396872,6572474368,7183794176
402452,6218055680,7183794176
408024,5686427648,7183794176
413618,6066012160,7183794176
419161,7003439104,7183794176
424732,6752829440,7183794176
430293,6129975296,7183794176
435898,5244977152,7183794176
441442,5562695680,7183794176
446980,7005536256,7183794176
452540,6729760768,7224688640
458117,6208618496,7260340224
463701,7198474240,7342129152
469281,6352273408,7361003520
474839,6758072320,7361003520
480391,6078595072,7361003520
485950,6232735744,7398752256
491490,6659506176,7398752256
497030,6961496064,7398752256
502547,6140461056,7398752256
508108,6557794304,7398752256
513670,6662651904,7398752256
519226,6572474368,7398752256
524813,6551502848,7398752256
530332,6278873088,7398752256
535912,6047137792,7398752256
541441,6840909824,7398752256
547021,6866075648,7398752256
552613,6697254912,7398752256
558121,5955911680,7398752256
563631,6252658688,7398752256
569236,6694109184,7398752256
574796,6553600000,7398752256
580350,6387924992,7398752256
585888,6679429120,7398752256
591425,6146752512,7398752256
596998,6568280064,7398752256
602556,6954156032,7398752256
608165,6912212992,7398752256
613739,7672430592,7885291520
619306,6008340480,7885291520
624888,6717177856,7885291520
630453,6319767552,7885291520
636021,6515851264,7885291520
641556,6878658560,7885291520
647142,6596591616,7885291520
652708,6730809344,7885291520
658221,7882145792,7989100544
663789,6936330240,8281653248
669382,7250903040,8343519232
674981,6649020416,8343519232
680498,6563037184,8343519232
686016,7306477568,8343519232
691581,6560940032,8343519232
697096,7439646720,8343519232
702686,6368002048,8343519232
708254,6790578176,8343519232
713832,6631194624,8343519232
719379,6911164416,8343519232
724951,6510608384,8343519232
730521,6750732288,8343519232
736045,6840909824,8343519232
741606,7523532800,8343519232
747153,7798259712,8343519232
752720,6689914880,8343519232
758203,6695157760,8343519232
763763,6574571520,8343519232
769343,6514802688,8343519232
774903,6500122624,8343519232
780395,6365904896,8343519232
785913,6735003648,8343519232
791478,7366246400,8367636480
797028,6321864704,8367636480
802574,6157238272,8367636480
808136,7470055424,8564768768
813702,6472859648,8564768768
819228,6273630208,8564768768
824813,6334447616,8564768768
830421,6261047296,8564768768
835990,6232735744,8564768768
841519,6837764096,8564768768
847108,6444548096,8564768768
852669,6298796032,8564768768
858185,6049234944,8564768768
863752,6373244928,8564768768
869261,7076839424,8564768768
874802,7390363648,8564768768
880330,8386510848,8879341568
885909,6619660288,8879341568
891495,6660554752,8879341568
897051,7747928064,8940158976
902602,8117026816,8940158976
908170,7591690240,8940158976
913743,6766460928,8940158976
919279,6857687040,8940158976
924880,6567231488,8940158976
930439,6393167872,8940158976
936017,6547308544,8940158976
941578,6147801088,8940158976
947189,7043284992,8940158976
952805,7562330112,8940158976
958367,6912212992,8940158976
963932,6666846208,8940158976
969554,6358564864,8940158976
975146,8074035200,8940158976
980716,6573522944,8940158976
986273,6406799360,8940158976
991839,6747586560,8940158976
997381,6403653632,8940158976
1002975,6288310272,8940158976
1008547,6380584960,8940158976
1014028,6243221504,8940158976
1019618,6504316928,8940158976
1025232,6462373888,8940158976
1030776,6831472640,8940158976
1036386,6716129280,8940158976
1041919,7255097344,8940158976
1047471,6789529600,8940158976
1053026,6846152704,8940158976
1058596,6370099200,8940158976
1064162,7194279936,8940158976
1069586,6342836224,8940158976
1075092,6189744128,8940158976
1080641,6187646976,8940158976
1086184,6187646976,8940158976
1091726,6188695552,8940158976
1097279,6187646976,8940158976
1102856,6388973568,8940158976
1108393,6899630080,8940158976
1113915,6845104128,8940158976
1119463,6948913152,8940158976
1124970,6421479424,8940158976
1130389,7034896384,8940158976
1135784,6442450944,8940158976
1141192,6971981824,8940158976
1146598,6560940032,8940158976
1152014,7936671744,8940158976
1157420,6867124224,8940158976
1162850,6488588288,8940158976
1168232,6682574848,8940158976
1173637,6397362176,8940158976
1179052,5715787776,8940158976
1184456,6933184512,8940158976
1189862,5970591744,8940158976
1195294,9256828928,9378463744
1200717,7530872832,9513730048
1206118,6275727360,9513730048
1211536,8339324928,9513730048
1216953,6248464384,9513730048
1222354,7644119040,9513730048
1227789,6622806016,9513730048
1233180,6291456000,9513730048
1238604,6682574848,9513730048
1244005,5971640320,9513730048
1249420,6061817856,9513730048
1254831,6840909824,9513730048
1260252,5837422592,9513730048
1265672,6132072448,9513730048
1271082,7592738816,9513730048
1276494,5896142848,9513730048
1281917,7517241344,9513730048
1287316,7107248128,9513730048
1292740,7743733760,9513730048
1298142,6664749056,9513730048
1303556,6115295232,9513730048
1308940,6049234944,9513730048
1314355,6845104128,9513730048
1319758,6750732288,9513730048
1325176,7099908096,9513730048
1330574,6866075648,9513730048
1335981,7342129152,9513730048
1341376,7412383744,9513730048
1346780,5956960256,9513730048
1352183,6186598400,9513730048
1357574,6666846208,9513730048
1362989,8063549440,9513730048
1368366,7797211136,9513730048
1373777,6312427520,9513730048
1379172,6474956800,9513730048
1384568,6512705536,9513730048
1389963,6391070720,9513730048
1395375,6796869632,9513730048
1400776,7520387072,9513730048
1406182,6987710464,9513730048
1411582,6197084160,9513730048
1416960,6877609984,9513730048
1422385,7327449088,9513730048
1427773,6490685440,9513730048
1433190,5633998848,9513730048
1438570,5636096000,9513730048
1443947,6650068992,9513730048
1449330,6284115968,9513730048
1454700,6097469440,9513730048
1460089,6213861376,9513730048
1465476,6755975168,9513730048
1470853,6531579904,9513730048
1476234,6963593216,9513730048
1481607,6271533056,9513730048
1487016,6295650304,9513730048
1492609,6554648576,9513730048
1498118,6830424064,9513730048
1503711,6525288448,9513730048
1509329,6408896512,9513730048
1514910,6408896512,9513730048
1520456,6283067392,9513730048
1525928,6968836096,9513730048
1531397,6043992064,9513730048
1536917,8630829056,9513730048
1542460,7245660160,9513730048
1547996,5853151232,9513730048
1553575,7254048768,9513730048
1559088,6425673728,9513730048
1564692,6764363776,9513730048
1570225,7418675200,9513730048
1575746,6375342080,9513730048
1581261,6581911552,9513730048
1586802,6588203008,9513730048
1592347,6887047168,9513730048
1597897,6589251584,9513730048
1603432,6109003776,9513730048
1608969,5941231616,9513730048
1614496,6240075776,9513730048
1619991,5933891584,9513730048
1625481,6686769152,9513730048
1630991,6859784192,9513730048
1636521,9019850752,9513730048
1642068,8515485696,9513730048
1647596,6743392256,9513730048
1653201,8624537600,9513730048
1658739,6874464256,9513730048
1664250,7305428992,9513730048
1669854,8551137280,9513730048
1675399,7401897984,9513730048
1680950,7164919808,9513730048
1686496,8174698496,9513730048
1692023,7441743872,9513730048
1697537,6570377216,9513730048
1703163,7578058752,9513730048
1708668,7113539584,9513730048
1714222,8098152448,9513730048
1719765,8371830784,9513730048
1725300,6566182912,9513730048
1730896,6118440960,9513730048
1736421,7083130880,9513730048
1741926,6672089088,9513730048
1747371,6528434176,9513730048
1752753,6467616768,9513730048
1758320,6467616768,9513730048
1763834,6468665344,9513730048
1769379,6369050624,9513730048
1774915,6535774208,9513730048
1780432,6902775808,9513730048
1785966,5941231616,9513730048
1791555,6822035456,9513730048
1797087,7828668416,9513730048
1802662,8350859264,9513730048
1808228,7937720320,9513730048
1813787,8568963072,9513730048
1819329,7821328384,9513730048
1824845,8111783936,9513730048
1830413,10015997952,10015997952
1835950,8401190912,10017046528
1841570,7223640064,10017046528
1847123,6518996992,10017046528
1852720,6728712192,10017046528
1858277,7229931520,10017046528
1863849,6682574848,10017046528
1869356,7539261440,10017046528
1874871,6619660288,10017046528
1880428,6675234816,10017046528
1886047,7227834368,10017046528
1891586,6483345408,10017046528
1897145,6890192896,10017046528
1902682,6631194624,10017046528
1908299,6890192896,10017046528
1913895,6410993664,10017046528
1919404,6444548096,10017046528
1924935,7017070592,10017046528
1930570,6804209664,10017046528
1936126,6913261568,10017046528
1941652,6510608384,10017046528
1947217,6430916608,10017046528
1952769,6762266624,10017046528
1958360,6440353792,10017046528
1963889,7012876288,10017046528
1969445,6170869760,10017046528
1975008,6380584960,10017046528
1980559,6524239872,10017046528
1986123,6309281792,10017046528
1991688,7086276608,10017046528
1997228,6390022144,10017046528
2002822,7284457472,10017046528
2008379,6544162816,10017046528
2013930,6956253184,10017046528
2019477,6296698880,10017046528
2025043,6770655232,10017046528
2030573,6580862976,10017046528
2036185,5922357248,10017046528
2041715,6740246528,10017046528
2047264,6521094144,10017046528
2052846,7085228032,10017046528
2058358,6659506176,10017046528
2063963,7026507776,10017046528
2069505,6306136064,10017046528
2075082,7129268224,10017046528
2080597,7259291648,10017046528
2086147,6698303488,10017046528
2091695,7004487680,10017046528
2097155,6161432576,10017046528
2102699,8262778880,10017046528
2108252,6508511232,10017046528
2113772,7222591488,10017046528
2119304,6952058880,10017046528
2124756,7244611584,10017046528
2130276,6565134336,10017046528
2135744,7023362048,10017046528
2141246,6223298560,10017046528
2146827,6161432576,10017046528
2152301,6162481152,10017046528
2157857,6163529728,10017046528
2163269,6145703936,10017046528
2168760,6123683840,10017046528
2174286,6809452544,10017046528
2179737,6700400640,10017046528
2185293,6377439232,10017046528
2190776,7377780736,10017046528
2196252,6073352192,10017046528
2201762,7321157632,10017046528
2207336,7122976768,10017046528
2212876,6839861248,10017046528
2218418,7950303232,10017046528
2223939,6402605056,10017046528
2229462,7485784064,10017046528
2234917,6568280064,10017046528
2240495,7319060480,10017046528
2246014,6577717248,10017046528
2251603,6870269952,10017046528
2257188,6510608384,10017046528
2262848,6558842880,10017046528
2268321,6503268352,10017046528
2273804,8115978240,10017046528
2279309,6541017088,10017046528
2284814,7397703680,10017046528
2290395,6310330368,10017046528
2295992,7606370304,10017046528
2301527,6870269952,10017046528
2307115,6699352064,10017046528
2312641,7144996864,10017046528
2318103,6765412352,10017046528
2323610,7359954944,10017046528
2329212,6566182912,10017046528
2334777,6777995264,10017046528
2340369,6470762496,10017046528
2345935,7028604928,10017046528
2351504,7141851136,10017046528
2357026,6935281664,10017046528
2362551,7035944960,10017046528
2368078,7808745472,10017046528
2373706,9240051712,10017046528
2379319,8457814016,10017046528
2384919,7412383744,10017046528
2390476,6920601600,10017046528
2396085,7467958272,10017046528
2401663,6210715648,10017046528
2407248,7111442432,10017046528
2412809,6465519616,10017046528
2418432,5958008832,10017046528
2423981,6893338624,10017046528
2429495,7168065536,10017046528
2435067,6831472640,10017046528
2440660,7872708608,10017046528
2446339,6709837824,10017046528
2451886,7380926464,10017046528
2457503,7054819328,10017046528
2463064,7350517760,10017046528
2468636,6536822784,10017046528
2474264,7711227904,10017046528
2479871,6517948416,10017046528
2485428,7398752256,10017046528
2491023,6356467712,10017046528
2496606,6889144320,10017046528
2502217,7111442432,10017046528
2507830,7087325184,10017046528
2513411,6558842880,10017046528
2518929,6449790976,10017046528
2524487,6417285120,10017046528
2530018,6418333696,10017046528
2535446,6419382272,10017046528
2540969,6397362176,10017046528
2546552,6398410752,10017046528
2552085,6399459328,10017046528
2557647,6400507904,10017046528
2563067,6401556480,10017046528
2568474,6402605056,10017046528
2573872,6227492864,10017046528
2579284,6084886528,10017046528
2584676,6197084160,10017046528
2590098,7420772352,10017046528
2595542,6521094144,10017046528
2601250,7347372032,10017046528
2606648,6894387200,10017046528
2612086,7264534528,10017046528
2617527,6584008704,10017046528
2622938,7009730560,10017046528
2628330,6375342080,10017046528
2633722,7287603200,10017046528
2639131,6514802688,10017046528
2644566,7968129024,10017046528
2649985,7499415552,10017046528
2655392,6612320256,10017046528
2660804,7034896384,10017046528
2666219,8851030016,10017046528
2671657,7767851008,10017046528
2677103,7666139136,10017046528
2682497,6409945088,10017046528
2687908,7838105600,10017046528
2693333,7042236416,10017046528
2698752,6790578176,10017046528
2704173,7187988480,10017046528
2709578,6968836096,10017046528
2715035,7408189440,10017046528
2720433,9709813760,10737418240
2725878,8744075264,10737418240
2731329,7621050368,10737418240
2736816,6834618368,10737418240
2742266,8713666560,10737418240
2747682,6966738944,10737418240
2753110,7586447360,10737418240
2758546,7599030272,10737418240
2763956,6320816128,10737418240
2769382,7091519488,10737418240
2774785,8378122240,10737418240
2780212,7752122368,10737418240
2785622,8543797248,10737418240
2791046,8976859136,10737418240
2796474,8052015104,10737418240
2801950,7688159232,10737418240
2807414,7142899712,10737418240
2812813,8112832512,10737418240
2818255,7265583104,10737418240
2823687,6534725632,10737418240
2829127,8013217792,10737418240
2834551,7110393856,10737418240
2839950,6736052224,10737418240
2845374,7886340096,10737418240
2850785,7091519488,10737418240
2856224,7112491008,10737418240
2861658,8557428736,10737418240
2867091,6951010304,10737418240
2872503,7652507648,10737418240
2877892,8048869376,10737418240
2883427,6636437504,10737418240
2888852,9777971200,10737418240
2894261,8216641536,10737418240
2899693,7557087232,10737418240
2905156,7043284992,10737418240
2910753,7956594688,10737418240
2916387,7270825984,10737418240
2921960,10151264256,10737418240
2927492,8616148992,10737418240
2933048,7350517760,10737418240
2938615,7055867904,10737418240
2944099,10072621056,10737418240
2949664,9020899328,10737418240
2955164,7104102400,10737418240
2960724,7466909696,10737418240
2966297,7346323456,10737418240
2971797,7045382144,10737418240
2977371,7026507776,10737418240
2982923,6249512960,10737418240
2988523,6270484480,10737418240
2994062,7675576320,10737418240
2999652,6219104256,10737418240
3005168,7320109056,10737418240
3010767,6923747328,10737418240
3016249,6910115840,10737418240
3021797,6645874688,10737418240
3027297,6826229760,10737418240
3032888,5990514688,10737418240
3038433,6460276736,10737418240
3044007,7855931392,10737418240
3049598,6302990336,10737418240
3055190,6503268352,10737418240
3060763,7978614784,10737418240
3066277,6703546368,10737418240
3071820,6817841152,10737418240
3077350,7074742272,10737418240
3082888,6762266624,10737418240
3088483,7100956672,10737418240
3093989,9220128768,10737418240
3099510,8064598016,10737418240
3105079,7580155904,10737418240
3110673,7039090688,10737418240
3116315,6618611712,10737418240
3121902,6590300160,10737418240
3127523,6590300160,10737418240
3133066,6590300160,10737418240
3138599,6591348736,10737418240
3144147,6527385600,10737418240
3149708,7271874560,10737418240
3155252,6150946816,10737418240
3160851,6203375616,10737418240
3166437,6531579904,10737418240
3171982,7584350208,10737418240
3177596,6264193024,10737418240
3183211,7489978368,10737418240
3188724,8089763840,10737418240
3194228,9795796992,10737418240
3199773,8772386816,10737418240
3205316,7737442304,10737418240
3210879,8616148992,10737418240
3216406,7862222848,10737418240
3222012,7068450816,10737418240
3227578,6192889856,10737418240
3233124,6827278336,10737418240
3238702,7211057152,10737418240
3244295,7016022016,10737418240
3249847,6868172800,10737418240
3255360,7303331840,10737418240
3260933,6971981824,10737418240
3266505,6808403968,10737418240
3272119,5968494592,10737418240
3277703,6933184512,10737418240
3283250,6866075648,10737418240
3288821,6058672128,10737418240
3294380,6570377216,10737418240
3299941,6945767424,10737418240
3305415,6536822784,10737418240
3310931,6716129280,10737418240
3316490,7309623296,10737418240
3322026,6679429120,10737418240
3327570,6410993664,10737418240
3333160,7242514432,10737418240
3338667,6374293504,10737418240
3344208,6800015360,10737418240
3349751,6980370432,10737418240
3355272,6377439232,10737418240
3360866,7463763968,10737418240
3366409,6744440832,10737418240
3371933,6732906496,10737418240
3377460,7882145792,10737418240
3383088,6887047168,10737418240
3388716,7008681984,10737418240
3394389,6915358720,10737418240
3399920,6915358720,10737418240
3405485,6808403968,10737418240
3411013,6174015488,10737418240
3416570,7022313472,10737418240
3422137,6096420864,10737418240
3427753,7078936576,10737418240
3433305,6752829440,10737418240
3438862,6354370560,10737418240
3444451,6383730688,10737418240
3450041,7996440576,10737418240
3455624,8180989952,10737418240
3461234,9332326400,10737418240
3466783,7797211136,10737418240
3472378,6515851264,10737418240
3477940,7579107328,10737418240
3483536,7127171072,10737418240
3489047,7297040384,10737418240
3494659,6783238144,10737418240
3500249,7526678528,10737418240
3505821,6904872960,10737418240
3511387,8221884416,10737418240
3516996,7251951616,10737418240
3522519,6890192896,10737418240
3528078,7014973440,10737418240
3533627,5989466112,10737418240
3539220,8619294720,10737418240
3544769,7958691840,10737418240
3550429,6394216448,10737418240
3555999,6862929920,10737418240
3561624,6076497920,10737418240
3567227,7105150976,10737418240
3572797,6072303616,10737418240
3578369,6781140992,10737418240
3583960,6620708864,10737418240
3589526,6663700480,10737418240
3595084,6727663616,10737418240
3600670,6704594944,10737418240
3606307,6120538112,10737418240
3611899,6114246656,10737418240
3617432,6115295232,10737418240
3623023,6095372288,10737418240
3628570,5958008832,10737418240
3634133,6312427520,10737418240
3639661,6375342080,10737418240
3645212,6485442560,10737418240
3650773,6060769280,10737418240
3656339,6241124352,10737418240
3661860,7838105600,10737418240
3667387,7032799232,10737418240
3672983,6614417408,10737418240
3678522,7021264896,10737418240
3684070,6352273408,10737418240
3689649,6671040512,10737418240
3695198,6357516288,10737418240
3700732,7328497664,10737418240
3706398,7035944960,10737418240
3711965,7007633408,10737418240
3717549,7040139264,10737418240
3723132,6908018688,10737418240
3728744,6855589888,10737418240
3734323,7242514432,10737418240
3739887,6557794304,10737418240
3745497,6703546368,10737418240
3751138,7777288192,10737418240
3756707,7846494208,10737418240
3762345,7450132480,10737418240
3767936,6761218048,10737418240
3773530,7196377088,10737418240
3779082,6622806016,10737418240
3784613,7694450688,10737418240
3790159,6808403968,10737418240
3795746,7022313472,10737418240
3801312,7563378688,10737418240
3806888,7322206208,10737418240
3812521,7569670144,10737418240
3818096,7335837696,10737418240
3823738,6712983552,10737418240
3829343,8054112256,10737418240
3834892,6919553024,10737418240
3840515,6524239872,10737418240
3846061,6757023744,10737418240
3851696,8132755456,10737418240
3857341,8662286336,10737418240
3862907,7793016832,10737418240
3868484,6936330240,10737418240
3874061,7767851008,10737418240
3879637,6969884672,10737418240
3885258,7301234688,10737418240
3890793,6299844608,10737418240
3896413,6849298432,10737418240
3901996,7652507648,10737418240
3907559,6078595072,10737418240
3913160,7004487680,10737418240
3918753,6257901568,10737418240
3924388,6764363776,10737418240
3930028,7191134208,10737418240
3935624,7167016960,10737418240
3941241,8078229504,10737418240
3946792,6923747328,10737418240
3952351,6325010432,10737418240
3957944,6934233088,10737418240
3963597,6459228160,10737418240
3969213,7305428992,10737418240
3974716,9285140480,10737418240
3980321,9114222592,10737418240
3985885,8543797248,10737418240
3991503,8214544384,10737418240
3997073,7270825984,10737418240
4002657,6119489536,10737418240
4008259,6794772480,10737418240
4013858,8602517504,10737418240
4019492,8599371776,10737418240
4025058,6952058880,10737418240
4030619,6738149376,10737418240
4036171,6980370432,10737418240
4041707,7043284992,10737418240
4047272,6790578176,10737418240
4052830,7852785664,10737418240
4058443,6400507904,10737418240
4064065,7012876288,10737418240
4069671,6947864576,10737418240
4075248,6647971840,10737418240
4080856,6915358720,10737418240
4086468,6493831168,10737418240
4092019,7351566336,10737418240
4097635,6340739072,10737418240
4103250,7055867904,10737418240
4108889,6118440960,10737418240
4114491,6291456000,10737418240
4120103,7479492608,10737418240
4125678,5961154560,10737418240
4131271,7690256384,10737418240
4136864,6040846336,10737418240
4142482,6880755712,10737418240
4148072,6082789376,10737418240
4153647,7181697024,10737418240
4159306,6657409024,10737418240
4164877,6240075776,10737418240
4170461,7181697024,10737418240
4176040,5969543168,10737418240
4181572,6918504448,10737418240
4187127,6701449216,10737418240
4192727,7131365376,10737418240
4198315,6874464256,10737418240
4203957,7548698624,10737418240
4209594,6825181184,10737418240
4215197,7861174272,10737418240
4220767,6658457600,10737418240
4226403,8283750400,10737418240
4231973,6801063936,10737418240
4237532,9760145408,10737418240
4243134,8702132224,10737418240
4248690,7156531200,10737418240
4254303,6757023744,10737418240
4259908,6463422464,10737418240
4265455,6105858048,10737418240
4271022,6196035584,10737418240
4276572,6885998592,10737418240
4282140,7919894528,10737418240
4287740,7045382144,10737418240
4293313,9549381632,10737418240
4298820,8575254528,10737418240
4304410,7536115712,10737418240
4309981,6690963456,10737418240
4315608,6927941632,10737418240
4321270,8855224320,10737418240
4326845,7687110656,10737418240
4332437,7441743872,10737418240
4338020,7327449088,10737418240
4343626,7841251328,10737418240
4349229,6947864576,10737418240
4354796,8808038400,10737418240
4360416,8121221120,10737418240
4365978,6577717248,10737418240
4371562,8475639808,10737418240
4377137,7642021888,10737418240
4382731,6523191296,10737418240
4388366,7291797504,10737418240
4393921,6181355520,10737418240
4399504,7465861120,10737418240
4405089,6349127680,10737418240
4410654,7914651648,10737418240
4416279,6897532928,10737418240
4421874,8963227648,10737418240
4427514,8101298176,10737418240
4433116,6527385600,10737418240
4438683,9221177344,10737418240
4444272,8726249472,10737418240
4449807,7290748928,10737418240
4455387,6489636864,10737418240
4460987,6266290176,10737418240
4466553,6172966912,10737418240
4472187,6890192896,10737418240
4477651,5897191424,10737418240
4483238,5898240000,10737418240
4488780,5899288576,10737418240
4494261,5900337152,10737418240
4499751,5902434304,10737418240
4505201,5903482880,10737418240
4510723,5856296960,10737418240
4516293,5856296960,10737418240
4521853,5857345536,10737418240
4527445,5858394112,10737418240
4533047,5859442688,10737418240
4538613,5784993792,10737418240
4544169,5941231616,10737418240
4549729,6041894912,10737418240
4555278,6224347136,10737418240
4560893,6840909824,10737418240
4566424,6415187968,10737418240
4572024,6639583232,10737418240
4577586,6479151104,10737418240
4583200,6394216448,10737418240
4588762,9648996352,10737418240
4594325,8638169088,10737418240
4599925,8047820800,10737418240
4605526,7811891200,10737418240
4611100,7064256512,10737418240
4616686,8251244544,10737418240
4622234,7029653504,10737418240
4627776,7300186112,10737418240
4633336,8751415296,10737418240
4638927,7988051968,10737418240
4644567,6667894784,10737418240
4650175,9291431936,10737418240
4655702,8654946304,10737418240
4661319,7723810816,10737418240
4666872,7929331712,10737418240
4672454,9048162304,10737418240
4678041,8420065280,10737418240
4683610,7682916352,10737418240
4689161,8067743744,10737418240
4694685,8415870976,10737418240
4700321,8603566080,10737418240
4705885,7368343552,10737418240
4711485,7896825856,10737418240
4717095,9396289536,10737418240
4722687,8033140736,10737418240
4728292,7217348608,10737418240
4733924,6810501120,10737418240
4739525,6760169472,10737418240
4745094,7295991808,10737418240
4750685,7399800832,10737418240
4756301,7888437248,10737418240
4761854,7235174400,10737418240
4767434,8177844224,10737418240
4773043,9621733376,10737418240
4778668,9048162304,10737418240
4784290,8975810560,10737418240
4789856,7908360192,10737418240
4795450,7616856064,10737418240
4801114,8019509248,10737418240
4806703,7358906368,10737418240
4812301,7036993536,10737418240
4817907,7437549568,10737418240
4823470,7698644992,10737418240
4829061,7979663360,10737418240
4834694,7673479168,10737418240
4840338,8143241216,10737418240
4845952,8059355136,10737418240
4851567,9379512320,10737418240
4857146,8026849280,10737418240
4862784,7628390400,10737418240
4868377,9756999680,10737418240
4873928,8405385216,10737418240
4879521,8762949632,10737418240
4885075,10737418240,11811160064
4890693,10737418240,11811160064
4896295,9097445376,11811160064
4901902,7988051968,11811160064
4907533,10455351296,11811160064
4913142,9978249216,11811160064
4918729,9801039872,11811160064
4924323,10362028032,11811160064
4929899,8830058496,11811160064
4935540,9871294464,11811160064
4941154,10220470272,11811160064
4946789,8759803904,11811160064
4952392,10026483712,11811160064
4957899,9842982912,11811160064
4963490,8489271296,11811160064
4969090,10235150336,11811160064
4974669,9062842368,11811160064
4980292,8475639808,11811160064
4985914,9029287936,11811160064
4991497,8054112256,11811160064
4997057,9659482112,11811160064
5002692,9463398400,11811160064
5008272,10737418240,11811160064
5013871,11811160064,11811160064
5019446,9297723392,11811160064
5025028,7303331840,11811160064
5030581,10304356352,11811160064
5036172,10737418240,11811160064
5041733,10142875648,11811160064
5047345,10737418240,11811160064
5052963,9835642880,11811160064
5058572,7850688512,11811160064
5064225,7995392000,11811160064
5069798,9240051712,11811160064
5075461,8692695040,11811160064
5081103,9642704896,11811160064
5086755,8686403584,11811160064
5092423,8349810688,11811160064
5098060,9334423552,11811160064
5103616,10405019648,11811160064
5109271,10299113472,11811160064
5114895,8142192640,11811160064
5120504,7538212864,11811160064
5126139,8507097088,11811160064
5131786,7592738816,11811160064
5137469,8988393472,11811160064
5143073,8688500736,11811160064
5148686,7929331712,11811160064
5154318,9342812160,11811160064
5159932,8343519232,11811160064
5165533,8253341696,11811160064
5171084,8086618112,11811160064
5176731,8573157376,11811160064
5182354,8357150720,11811160064
5187923,7947157504,11811160064
5193560,8827961344,11811160064
5199149,8098152448,11811160064
5204726,8021606400,11811160064
5210325,9323937792,11811160064
5215854,8643411968,11811160064
5221465,8841592832,11811160064
5227106,9168748544,11811160064
5232662,7565475840,11811160064
5238248,7210008576,11811160064
5243848,9409921024,11811160064
5249446,7536115712,11811160064
5255001,7886340096,11811160064
5260618,8417968128,11811160064
5266236,7508852736,11811160064
5271788,7931428864,11811160064
5277382,8641314816,11811160064
5282990,7424966656,11811160064
5288537,7035944960,11811160064
5294122,8493465600,11811160064
5299697,7826571264,11811160064
5305238,8523874304,11811160064
5310833,9403629568,11811160064
5316477,8039432192,11811160064
5322064,7794065408,11811160064
5327641,8547991552,11811160064
5333205,7739539456,11811160064
5338852,7796162560,11811160064
5344606,7970226176,11811160064
5350246,9051308032,11811160064
5355887,8244953088,11811160064
5361480,8533311488,11811160064
5367119,8033140736,11811160064
5372700,8460959744,11811160064
5378283,9017753600,11811160064
5383874,8863612928,11811160064
5389547,8496611328,11811160064
5395120,11811160064,11811160064
5400714,11811160064,12884901888
5406267,9375318016,12884901888
5411852,8253341696,12884901888
5417499,10058989568,12884901888
5423092,9095348224,12884901888
5428691,9587130368,12884901888
5434233,9432989696,12884901888
5439869,8760852480,12884901888
5445452,7193231360,12884901888
5451058,7469006848,12884901888
5456644,8367636480,12884901888
5462303,9430892544,12884901888
5467868,9332326400,12884901888
5473471,8318353408,12884901888
5479062,7824474112,12884901888
5484700,7736393728,12884901888
5490295,8428453888,12884901888
5495940,8602517504,12884901888
5501545,8748269568,12884901888
5507195,8075083776,12884901888
5512786,9232711680,12884901888
5518400,9533652992,12884901888
5524027,9409921024,12884901888
5529607,8473542656,12884901888
5535208,8457814016,12884901888
5540808,8362393600,12884901888
5546444,8617197568,12884901888
5552058,8849981440,12884901888
5557816,8107589632,12884901888
5563433,8744075264,12884901888
5569006,8524922880,12884901888
5574649,9770631168,12884901888
5580328,8469348352,12884901888
5585962,8392802304,12884901888
5591599,8389656576,12884901888
5597227,8386510848,12884901888
5602751,8976859136,12884901888
5608307,9494855680,12884901888
5613888,10077863936,12884901888
5619497,10284433408,12884901888
5625020,10737418240,12884901888
5630621,10245636096,12884901888
5636193,10302259200,12884901888
5641850,10737418240,12884901888
5647455,9893314560,12884901888
5653073,8206155776,12884901888
5658668,8259633152,12884901888
5664229,10441719808,12884901888
5669761,10737418240,12884901888
5675355,10092544000,12884901888
5680953,10737418240,12884901888
5686555,9889120256,12884901888
5692154,9429843968,12884901888
5697761,7844397056,12884901888
5703385,7841251328,12884901888
5708978,8690597888,12884901888
5714622,9885974528,12884901888
5720133,10393485312,12884901888
5725754,8857321472,12884901888
5731324,9609150464,12884901888
5736887,9586081792,12884901888
5742439,9184477184,12884901888
5748007,8165261312,12884901888
5753624,10193207296,12884901888
5759266,10055843840,12884901888
5764914,8840544256,12884901888
5770505,10737418240,12884901888
5776225,10737418240,12884901888
5781812,10737418240,12884901888
5787426,11811160064,12884901888
5793089,9830400000,12884901888
5798693,9646899200,12884901888
5804252,9734979584,12884901888
5809814,9838788608,12884901888
5815400,10098835456,12884901888
5821014,10737418240,12884901888
5826529,10196353024,12884901888
5832084,10737418240,12884901888
5837705,9233760256,12884901888
5843319,10464788480,12884901888
5848944,10737418240,12884901888
5854554,11811160064,12884901888
5860175,10330570752,12884901888
5865752,10737418240,12884901888
5871382,11811160064,12884901888
5877006,11811160064,12884901888
5882630,11811160064,12884901888
5888216,10238296064,12884901888
5893788,10737418240,12884901888
5899344,11811160064,12884901888
5904900,11811160064,12884901888
5910529,11811160064,12884901888
5916158,9682550784,12884901888
5921767,8891924480,12884901888
5927406,7892631552,12884901888
5933014,8611954688,12884901888
5938597,7249854464,12884901888
5944245,7335837696,12884901888
5949842,8261730304,12884901888
5955456,8187281408,12884901888
5961031,7712276480,12884901888
5966639,8565817344,12884901888
5972284,8454668288,12884901888
5977848,9111076864,12884901888
5983457,9114222592,12884901888
5989083,7477395456,12884901888
5994634,8422162432,12884901888
6000181,8674869248,12884901888
6005758,8801746944,12884901888
6011325,8409579520,12884901888
6016875,8490319872,12884901888
6022498,8158969856,12884901888
6028092,8000634880,12884901888
6033717,9177137152,12884901888
6039278,7736393728,12884901888
6044868,7934574592,12884901888
6050470,7669284864,12884901888
6056102,8820621312,12884901888
6061701,7601127424,12884901888
6067256,8092909568,12884901888
6072778,11811160064,12884901888
6078328,10737418240,12884901888
6083947,10737418240,12884901888
6089568,10175381504,12884901888
6095095,8249147392,12884901888
6100676,7626293248,12884901888
6106249,11811160064,12884901888
6111831,11811160064,12884901888
6117476,10353639424,12884901888
6123093,9777971200,12884901888
6128666,8043626496,12884901888
6134265,7410286592,12884901888
6139854,8654946304,12884901888
6145465,9012510720,12884901888
6151013,9415163904,12884901888
6156637,8859418624,12884901888
6162236,8095006720,12884901888
6167874,7657750528,12884901888
6173491,8535408640,12884901888
6179077,7985954816,12884901888
6184640,8151629824,12884901888
6190240,9251586048,12884901888
6195817,9268363264,12884901888
6201554,9064939520,12884901888
6207169,9990832128,12884901888
6212819,10091495424,12884901888
6218363,8693743616,12884901888
6223930,9072279552,12884901888
6229504,12884901888,12884901888
6235046,10737418240,12884901888
6240612,10283384832,12884901888
6246202,9571401728,12884901888
6251798,8089763840,12884901888
6257385,6991904768,12884901888
6262994,8551137280,12884901888
6268627,9939451904,12884901888
6274261,9448718336,12884901888
6279869,8980004864,12884901888
6285509,7959740416,12884901888
6291168,8358199296,12884901888
6296785,8376025088,12884901888
6302335,10737418240,12884901888
6307929,10737418240,12884901888
6313544,10061086720,12884901888
6319145,7846494208,12884901888
6324768,9426698240,12884901888
6330435,9571401728,12884901888
6335982,8882487296,12884901888
6341588,8113881088,12884901888
6347156,8250195968,12884901888
6352797,8890875904,12884901888
6358372,9727639552,12884901888
6364015,7955546112,12884901888
6369602,9471787008,12884901888
6375241,10737418240,12884901888
6380802,8551137280,12884901888
6386468,8079278080,12884901888
6392091,8173649920,12884901888
6397690,9837740032,12884901888
6403357,9270460416,12884901888
6408958,9620684800,12884901888
6414528,9298771968,12884901888
6420156,8938061824,12884901888
6425746,7534018560,12884901888
6431319,8036286464,12884901888
6436894,9672065024,12884901888
6442555,10088349696,12884901888
6448165,9432989696,12884901888
6453698,9314500608,12884901888
6459280,7810842624,12884901888
6464857,7461666816,12884901888
6470426,8294236160,12884901888
6476069,8928624640,12884901888
6481661,9049210880,12884901888
6487225,8243904512,12884901888
6492828,7976517632,12884901888
6498416,7813988352,12884901888
6504003,7487881216,12884901888
6509602,8721006592,12884901888
6515185,8948547584,12884901888
6520686,8554283008,12884901888
6526330,8606711808,12884901888
6531881,11811160064,12884901888
6537451,11811160064,12884901888
6543075,10737418240,12884901888
6548589,10737418240,12884901888
6554128,9032433664,12884901888
6559734,8697937920,12884901888
6565325,8390705152,12884901888
6570969,7823425536,12884901888
6576532,9344909312,12884901888
6582141,10142875648,12884901888
6587646,10151264256,12884901888
6593253,10303307776,12884901888
6598836,10737418240,12884901888
6604447,10040115200,12884901888
6610003,9776922624,12884901888
6615619,9067036672,12884901888
6621209,7746879488,12884901888
6626786,8544845824,12884901888
6632359,9542041600,12884901888
6637942,10737418240,12884901888
6643554,10737418240,12884901888
6649157,10737418240,12884901888
6654738,10060038144,12884901888
6660338,9748611072,12884901888
6665858,8268021760,12884901888
6671473,7452229632,12884901888
6677077,11811160064,12884901888
6682733,11811160064,12884901888
6688372,9696182272,12884901888
6693984,8843689984,12884901888
6699581,8127512576,12884901888
6705158,11811160064,12884901888
6710686,11811160064,12884901888
6716232,10043260928,12884901888
6721843,9738125312,12884901888
6727448,8882487296,12884901888
6733044,8970567680,12884901888
6738601,10737418240,12884901888
6744164,10737418240,12884901888
6749700,10737418240,12884901888
6755275,10737418240,12884901888
6760865,10737418240,12884901888
6766362,10737418240,12884901888
6771917,10737418240,12884901888
6777496,10737418240,12884901888
6783130,10737418240,12884901888
6788619,10737418240,12884901888
6794182,10737418240,12884901888
6799705,10737418240,12884901888
6805347,10737418240,12884901888
6810945,10737418240,12884901888
6816569,10737418240,12884901888
6822178,10737418240,12884901888
6827860,10737418240,12884901888
6833474,10737418240,12884901888
6839113,10737418240,12884901888
6844812,10737418240,12884901888
6850414,10737418240,12884901888
6856006,10737418240,12884901888
6861595,10737418240,12884901888
6867268,10737418240,12884901888
6872879,10197401600,12884901888
6878495,9724493824,12884901888
6884114,9208594432,12884901888
6889698,8818524160,12884901888
6895373,8458862592,12884901888
6901013,7325351936,12884901888
6906681,9925820416,12884901888
6912369,12884901888,12884901888
6917968,11811160064,12884901888
6923642,10737418240,12884901888
6929310,10088349696,12884901888
6934937,9345957888,12884901888
6940660,7723810816,12884901888
6946351,8894021632,12884901888
6951990,10737418240,12884901888
6957651,10082058240,12884901888
6963308,9653190656,12884901888
6969007,9091153920,12884901888
6974671,7818182656,12884901888
6980390,7595884544,12884901888
6986102,7501512704,12884901888
6991754,10737418240,12884901888
6997380,10343153664,12884901888
7003000,9884925952,12884901888
7008627,9471787008,12884901888
7014265,7991197696,12884901888
7019911,7612661760,12884901888
7025584,7600078848,12884901888
7031253,10156507136,12884901888
7036930,10737418240,12884901888
7042648,10396631040,12884901888
7048277,8488222720,12884901888
7053987,8268021760,12884901888
7059687,8708423680,12884901888
7065331,10444865536,12884901888
7071053,10288627712,12884901888
7076749,8329887744,12884901888
7082438,7868514304,12884901888
7088128,10737418240,12884901888
7093852,10345250816,12884901888
7099516,8527020032,12884901888
7105161,8571060224,12884901888
7110852,8419016704,12884901888
7116475,11811160064,12884901888
7122187,11811160064,12884901888
7127843,11811160064,12884901888
7133578,10211033088,12884901888
7139220,9576644608,12884901888
7144878,8952741888,12884901888
7150543,8183087104,12884901888
7156203,9844031488,12884901888
7161877,11811160064,12884901888
7167542,10737418240,12884901888
7173234,10737418240,12884901888
7178922,10415505408,12884901888
7184600,9829351424,12884901888
7190266,9708765184,12884901888
7195864,12884901888,12884901888
7201564,11811160064,12884901888
7207193,10737418240,12884901888
7212899,10152312832,12884901888
7218542,9838788608,12884901888
7224194,9300869120,12884901888
7229836,8670674944,12884901888
7235510,8063549440,12884901888
7241108,9069133824,12884901888
7246728,7417626624,12884901888
7252433,7302283264,12884901888
7258121,8034189312,12884901888
7263770,8273264640,12884901888
7269398,8573157376,12884901888
7275021,8558477312,12884901888
7280630,10027532288,12884901888
7286319,9679405056,12884901888
7292043,8994684928,12884901888
7297678,8493465600,12884901888
7303329,8669626368,12884901888
7308965,10191110144,12884901888
7314640,8704229376,12884901888
7320341,8255438848,12884901888
7325977,7976517632,12884901888
7331653,7759462400,12884901888
7337268,11811160064,12884901888
7342902,11811160064,12884901888
7348550,10351542272,12884901888
7354205,9850322944,12884901888
7359935,9317646336,12884901888
7365598,9046065152,12884901888
7371241,8409579520,12884901888
7376970,8003780608,12884901888
7382604,7297040384,12884901888
7388234,10355736576,12884901888
7393939,10737418240,12884901888
7399635,10737418240,12884901888
7405319,10737418240,12884901888
7410987,10131341312,12884901888
7416646,8692695040,12884901888
7422396,7853834240,12884901888
7428046,7606370304,12884901888
7433719,7874805760,12884901888
7439413,9235857408,12884901888
7445085,8815378432,12884901888
7450753,8655994880,12884901888
7456438,7006584832,12884901888
7462045,6857687040,12884901888
7467768,9034530816,12884901888
7473437,9012510720,12884901888
7479159,8721006592,12884901888
7484843,7992246272,12884901888
7490603,8017412096,12884901888
7496255,7008681984,12884901888
7501946,7281311744,12884901888
7507628,8158969856,12884901888
7513337,7952400384,12884901888
7518997,8232370176,12884901888
7524707,8950644736,12884901888
7530379,8481931264,12884901888
7536018,7216300032,12884901888
7541694,8444182528,12884901888
7547342,8895070208,12884901888
7552961,10472128512,12884901888
7558585,10055843840,12884901888
7564257,10737418240,12884901888
7569863,11811160064,12884901888
7575505,10320084992,12884901888
7581192,9707716608,12884901888
7586870,9645850624,12884901888
7592550,9216983040,12884901888
7598179,8755609600,12884901888
7603784,8252293120,12884901888
7609419,8723103744,12884901888
7615056,8243904512,12884901888
7620753,8776581120,12884901888
7626393,8442085376,12884901888
7632042,8052015104,12884901888
7637714,7623147520,12884901888
7643283,12884901888,12884901888
7648960,11811160064,12884901888
7654658,11811160064,12884901888
7660355,10737418240,12884901888
7666064,10268704768,12884901888
7671745,9830400000,12884901888
7677437,9481224192,12884901888
7683142,8557428736,12884901888
7688802,8033140736,12884901888
7694515,7981760512,12884901888
7700100,11811160064,12884901888
7705799,10737418240,12884901888
7711531,11811160064,12884901888
7717192,11811160064,12884901888
7722856,10737418240,12884901888
7728491,10276044800,12884901888
7734163,9835642880,12884901888
7739832,9249488896,12884901888
7745531,7521435648,12884901888
7751240,7173308416,12884901888
7756909,8141144064,12884901888
7762658,8005877760,12884901888
7768318,7791968256,12884901888
7773993,8228175872,12884901888
7779666,7892631552,12884901888
7785346,6873415680,12884901888
7791070,7034896384,12884901888
7796787,7391412224,12884901888
7802465,7556038656,12884901888
7808121,7636779008,12884901888
7813799,6758072320,12884901888
7819471,6844055552,12884901888
7825122,7035944960,12884901888
7830820,7219445760,12884901888
7836551,7378829312,12884901888
7842245,7383023616,12884901888
7847936,7668236288,12884901888
7853612,6712983552,12884901888
7859329,6888095744,12884901888
7865055,7126122496,12884901888
7870719,7862222848,12884901888
7876401,6747586560,12884901888
7882036,7035944960,12884901888
7887739,7280263168,12884901888
7893483,7279214592,12884901888
7899071,7610564608,12884901888
7904704,8074035200,12884901888
7910428,7061110784,12884901888
7916181,7353663488,12884901888
7921888,7732199424,12884901888
7927571,7173308416,12884901888
7933220,7091519488,12884901888
7938857,7336886272,12884901888
7944573,7635730432,12884901888
7950231,6965690368,12884901888
7955936,7205814272,12884901888
7961730,7319060480,12884901888
7967433,7596933120,12884901888
7973098,7116685312,12884901888
7978792,7367294976,12884901888
7984510,7525629952,12884901888
7990143,7969177600,12884901888
7995793,7105150976,12884901888
8001485,7564427264,12884901888
8007205,7935623168,12884901888
8012905,8084520960,12884901888
8018575,7082082304,12884901888
8024285,7047479296,12884901888
8029968,7195328512,12884901888
8035643,7345274880,12884901888
8041346,7685013504,12884901888
8046992,7879000064,12884901888
8052608,8296333312,12884901888
8058318,7615807488,12884901888
8063932,7364149248,12884901888
8069599,7515144192,12884901888
8075267,7660896256,12884901888
8080953,7858028544,12884901888
8086619,6992953344,12884901888
8092301,7050625024,12884901888
8098011,7027556352,12884901888
8103662,7308574720,12884901888
8109335,7520387072,12884901888
8114971,7761559552,12884901888
8120630,6906970112,12884901888
8126315,7226785792,12884901888
8131994,7615807488,12884901888
8137682,7830765568,12884901888
8143319,7035944960,12884901888
8148993,7114588160,12884901888
8154648,7221542912,12884901888
8160320,7290748928,12884901888
8165975,7622098944,12884901888
8171599,7733248000,12884901888
8177235,6980370432,12884901888
8182881,6956253184,12884901888
8188535,7239368704,12884901888
8194148,7464812544,12884901888
8199818,7831814144,12884901888
8205428,6889144320,12884901888
8211106,7175405568,12884901888
8216800,7424966656,12884901888
8222464,7742685184,12884901888
8228081,6880755712,12884901888
8233711,6923747328,12884901888
8239394,7286554624,12884901888
8245088,7583301632,12884901888
8250745,7912554496,12884901888
8256442,6856638464,12884901888
8262120,7048527872,12884901888
8267865,7277117440,12884901888
8273560,7575961600,12884901888
8279214,7475298304,12884901888
8285034,7007633408,12884901888
8290763,7152336896,12884901888
8296448,7464812544,12884901888
8302145,7628390400,12884901888
8307787,6781140992,12884901888
8313479,7182745600,12884901888
8319160,7282360320,12884901888
8324873,7701790720,12884901888
8330556,6835666944,12884901888
8336290,6991904768,12884901888
8341984,7267680256,12884901888
8347611,7783579648,12884901888
8353283,7992246272,12884901888
8359080,6738149376,12884901888
8364793,6831472640,12884901888
8370469,7114588160,12884901888
8376133,7359954944,12884901888
8381818,7478444032,12884901888
8387474,7642021888,12884901888
8393078,6909067264,12884901888
8398805,7107248128,12884901888
8404440,7390363648,12884901888
8410080,7620001792,12884901888
8415754,7895777280,12884901888
8421421,6981419008,12884901888
8427110,7390363648,12884901888
8432803,7413432320,12884901888
8438499,7882145792,12884901888
8444139,6903824384,12884901888
8449801,7765753856,12884901888
8455518,7411335168,12884901888
8461193,7726956544,12884901888
8466809,7861174272,12884901888
8472462,6932135936,12884901888
8478132,7027556352,12884901888
8483753,7342129152,12884901888
8489398,7648313344,12884901888
8495098,7957643264,12884901888
8500743,7113539584,12884901888
8506440,7272923136,12884901888
8512126,7798259712,12884901888
8517769,8274313216,12884901888
8523490,7074742272,12884901888
8529183,7325351936,12884901888
8534927,7828668416,12884901888
8540606,6912212992,12884901888
8546335,7039090688,12884901888
8552082,7289700352,12884901888
8557754,7695499264,12884901888
8563432,6975127552,12884901888
8569131,7165968384,12884901888
8574844,7319060480,12884901888
8580553,7780433920,12884901888
8586274,7009730560,12884901888
8592063,7056916480,12884901888
8597740,7342129152,12884901888
8603382,7743733760,12884901888
8608983,6974078976,12884901888
8614637,7025459200,12884901888
8620344,7300186112,12884901888
8626005,7734296576,12884901888
8631673,7465861120,12884901888
8637363,7050625024,12884901888
8643053,7288651776,12884901888
8648705,7696547840,12884901888
8654342,7838105600,12884901888
8660009,6934233088,12884901888
8665700,6957301760,12884901888
8671363,7167016960,12884901888
8677125,7228882944,12884901888
8682749,7520387072,12884901888
8688365,7746879488,12884901888
8694000,6934233088,12884901888
8699695,7073693696,12884901888
8705384,7229931520,12884901888
8711010,7655653376,12884901888
8716588,6817841152,12884901888
8722281,6989807616,12884901888
8727956,7163871232,12884901888
8733675,7808745472,12884901888
8739359,7205814272,12884901888
8744996,7228882944,12884901888
8750597,8107589632,12884901888
8756228,8097103872,12884901888
8761854,8012169216,12884901888
8767484,6901727232,12884901888
8773145,7151288320,12884901888
8778845,7304380416,12884901888
8784500,7707033600,12884901888
8790178,7590641664,12884901888
8795885,7036993536,12884901888
8801543,7221542912,12884901888
8807228,7559184384,12884901888
8812943,7839154176,12884901888
8818597,6962544640,12884901888
8824278,7040139264,12884901888
8829923,7283408896,12884901888
8835609,8276410368,12884901888
8841299,8650752000,12884901888
8846968,7155482624,12884901888
8852654,7147094016,12884901888
8858318,7445938176,12884901888
8864014,7776239616,12884901888
8869685,7023362048,12884901888
8875353,7196377088,12884901888
8881033,7207911424,12884901888
8886685,7551844352,12884901888
8892329,7695499264,12884901888
8898014,7131365376,12884901888
8903734,7264534528,12884901888
8909444,7437549568,12884901888
8915116,7698644992,12884901888
8920792,6961496064,12884901888
8926477,7135559680,12884901888
8932205,7455375360,12884901888
8937902,7637827584,12884901888
8943595,6935281664,12884901888
8949268,7222591488,12884901888
8954924,7551844352,12884901888
8960615,6828326912,12884901888
8966293,6890192896,12884901888
8972031,7039090688,12884901888
8977762,7062159360,12884901888
8983425,7645167616,12884901888
8989108,7762608128,12884901888
8994761,6681526272,12884901888
9000424,6956253184,12884901888
9006023,7047479296,12884901888
9011631,7306477568,12884901888
9017295,7503609856,12884901888
9022917,6740246528,12884901888
9028609,7048527872,12884901888
9034267,7113539584,12884901888
9039939,7475298304,12884901888
9045576,7354712064,12884901888
9051301,6938427392,12884901888
9056944,7154434048,12884901888
9062630,7596933120,12884901888
9068303,6824132608,12884901888
9073955,6869221376,12884901888
9079622,7117733888,12884901888
9085306,7480541184,12884901888
9090995,7588544512,12884901888
9096664,6811549696,12884901888
9102307,6811549696,12884901888
9107990,7155482624,12884901888
9113717,7581204480,12884901888
9119382,6895435776,12884901888
9125055,7148142592,12884901888
9130808,7548698624,12884901888
9136501,6772752384,12884901888
9142273,7283408896,12884901888
9147966,7586447360,12884901888
9153641,6915358720,12884901888
9159305,6939475968,12884901888
9164979,7120879616,12884901888
9170695,7499415552,12884901888
9176388,6794772480,12884901888
9182179,6951010304,12884901888
9187886,7129268224,12884901888
9193588,7520387072,12884901888
9199247,6797918208,12884901888
9204953,7196377088,12884901888
9210631,7402946560,12884901888
9216353,7675576320,12884901888
9222048,6716129280,12884901888
9227766,7103053824,12884901888
9233436,7602176000,12884901888
9239083,6943670272,12884901888
9244810,7234125824,12884901888
9250486,7531921408,12884901888
9256143,7014973440,12884901888
9261968,7155482624,12884901888
9267664,7778336768,12884901888
9273403,8165261312,12884901888
9279066,7350517760,12884901888
9284758,7534018560,12884901888
9290476,7958691840,12884901888
9296132,7144996864,12884901888
9301922,7270825984,12884901888
9307550,7643070464,12884901888
9313225,8012169216,12884901888
9318896,7343177728,12884901888
9324565,7373586432,12884901888
9330291,7709130752,12884901888
9335997,7989100544,12884901888
9341664,7449083904,12884901888
9347363,7465861120,12884901888
9353034,7653556224,12884901888
9358732,7911505920,12884901888
9364437,8189378560,12884901888
9370086,7162822656,12884901888
9375727,7351566336,12884901888
9381475,8005877760,12884901888
9387198,8160018432,12884901888
9392882,7248805888,12884901888
9398574,7507804160,12884901888
9404249,7855931392,12884901888
9409933,7041187840,12884901888
9415590,7256145920,12884901888
9421258,7583301632,12884901888
9426954,8767143936,12884901888
9432600,7165968384,12884901888
9438244,7648313344,12884901888
9444010,8238661632,12884901888
9449748,6768558080,12884901888
9455515,6941573120,12884901888
9461243,6856638464,12884901888
9466989,6868172800,12884901888
9472645,6869221376,12884901888
9478385,6870269952,12884901888
9484147,6870269952,12884901888
9489917,6870269952,12884901888
9495610,6871318528,12884901888
9501247,6923747328,12884901888
9506920,7091519488,12884901888
9512591,7286554624,12884901888
9518221,7760510976,12884901888
9523846,7800356864,12884901888
9529496,8180989952,12884901888
9535155,7014973440,12884901888
9540923,7205814272,12884901888
9546605,7462715392,12884901888
9552293,7765753856,12884901888
9558011,8168407040,12884901888
9563703,7894728704,12884901888
9569445,7257194496,12884901888
9575138,7613710336,12884901888
9580868,7955546112,12884901888
9586632,7677673472,12884901888
9592465,7394557952,12884901888
9598180,7788822528,12884901888
9603900,8684306432,12884901888
9609598,7186939904,12884901888
9615333,7112491008,12884901888
9621017,7113539584,12884901888
9626705,7113539584,12884901888
9632430,7113539584,12884901888
9638138,7114588160,12884901888
9643755,7114588160,12884901888
9649407,7115636736,12884901888
9655112,7116685312,12884901888
9660796,7116685312,12884901888
9666514,7117733888,12884901888
9672232,7117733888,12884901888
9677965,7117733888,12884901888
9683714,7118782464,12884901888
9689416,7118782464,12884901888
9695153,7118782464,12884901888
9700890,7110393856,12884901888
9706550,7094665216,12884901888
9712253,7213154304,12884901888
9717890,7473201152,12884901888
9723547,7676624896,12884901888
9729224,7895777280,12884901888
9734876,8770289664,12884901888
9740540,7198474240,12884901888
9746218,7390363648,12884901888
9751942,7660896256,12884901888
9757619,8002732032,12884901888
9763322,8650752000,12884901888
9768996,7219445760,12884901888
9774650,7444889600,12884901888
9780376,7705985024,12884901888
9786024,8139046912,12884901888
9791696,8352956416,12884901888
9797400,7263485952,12884901888
9803101,7433355264,12884901888
9808832,7784628224,12884901888
9814498,8179941376,12884901888
9820111,8876195840,12884901888
9825769,7380926464,12884901888
9831438,7582253056,12884901888
9837105,7617904640,12884901888
9842722,7695499264,12884901888
9848382,7917797376,12884901888
9854045,7647264768,12884901888
9859731,6496976896,12884901888
9865806,6394216448,12884901888
9871611,6394216448,12884901888
9877353,6394216448,12884901888
9883082,6394216448,12884901888
9888795,6394216448,12884901888
9894494,6394216448,12884901888
9900236,6394216448,12884901888
9905932,6394216448,12884901888
9911653,6394216448,12884901888
9917361,6308233216,12884901888
9922794,6308233216,12884901888
9928253,6308233216,12884901888
9933684,6308233216,12884901888
9939128,6308233216,12884901888
9944619,6308233216,12884901888
9950086,6308233216,12884901888
9955541,6308233216,12884901888
9961037,6308233216,12884901888
9966502,6308233216,12884901888
9971929,6308233216,12884901888
9977376,266338304,12884901888
9982836,266338304,12884901888
9988291,266338304,12884901888
9993744,266338304,12884901888
9999213,266338304,12884901888
10004677,266338304,12884901888
10010112,266338304,12884901888
10015569,266338304,12884901888
10021025,266338304,12884901888
10026477,266338304,12884901888
10031919,266338304,12884901888
