timestamp_ms,disk_usage
0,3874816
5604,42545152
10942,48877568
16314,54108160
21800,60366848
27180,66166784
32682,75014144
38051,82083840
43410,95547392
48748,110956544
54190,152125440
59553,204165120
64908,315949056
70249,450383872
75615,573042688
80978,684519424
86352,810057728
91970,895426560
97329,1054941184
102691,1318359040
108044,1676713984
113406,1893187584
118779,2146197504
124166,2509283328
129535,3023630336
134907,2992844800
140313,3022282752
145727,3352309760
151117,3743125504
156499,4270379008
161898,4614451200
167262,5008924672
172699,4812595200
178080,5045387264
183477,5533753344
188887,5617426432
194316,6040854528
199738,6125092864
205172,6164877312
210562,6410133504
215947,6542704640
221372,6819909632
226765,7286837248
232164,7651266560
237691,7634296832
243181,8374296576
248590,8271278080
253978,8720977920
259351,9119223808
264734,9406021632
270138,9442353152
275546,9641889792
286343,10309435392
291794,10818646016
297193,11173138432
302602,11546468352
308006,12104302592
313478,11540107264
319039,12448329728
324632,13394546688
330343,13026676736
335949,13515128832
341527,14397362176
347091,13636509696
352686,14638157824
358301,14901870592
363884,15269531648
369446,15305781248
375042,15844847616
380604,16804372480
386152,15796080640
391759,16447488000
397356,16982220800
402972,16528199680
408662,17532284928
414284,17771044864
419917,18477985792
425501,18644819968
431083,19001339904
436648,19214213120
442275,19855077376
447864,19413024768
453434,20274139136
459036,21103009792
464664,21160480768
470309,22295867392
475920,22827515904
481504,23273164800
487092,24106725376
492694,23625637888
503920,24478433280
509531,25088147456
515035,25797378048
520593,25102925824
526218,25618141184
531861,26161700864
537486,26402500608
543091,26891407360
548670,27366064128
554256,27885572096
559883,28209082368
565496,28466343936
571101,28787552256
576716,29240659968
582291,29528289280
587876,29777145856
593462,30872166400
599108,30315266048
604684,31207849984
610297,31591956480
615892,32136376320
621455,32222842880
627026,32592392192
632622,33289818112
638239,32884162560
643873,33231863808
649451,33431986176
655035,34002788352
660711,34432434176
666274,35180032000
671909,34342744064
677458,35224010752
683122,36062511104
688716,36715835392
694274,36376420352
699824,36919259136
705426,37638471680
711035,38025351168
716586,37071790080
722185,37539434496
727770,38990491648
733368,39314272256
738931,39451783168
744497,39976931328
750071,40498151424
755628,41538822144
761140,41708273664
766744,42191482880
772360,43117666304
777949,45042257920
783539,44648726528
789123,45700120576
794661,45639299072
800086,45620871168
805489,46238056448
810880,47118327808
816290,47514869760
821711,47914737664
827117,46884507648
832590,47347232768
837995,48224583680
843392,49051906048
848795,48891932672
854218,48376721408
859639,48033882112
865048,48539500544
870435,49123438592
875821,49771450368
881231,50525368320
886654,49845067776
892078,50012581888
897504,49998602240
902921,50526818304
908346,50920697856
913776,51316838400
919209,51434500096
924625,52180017152
930041,52376530944
935443,53102256128
940847,53885005824
946272,53487939584
951701,53837553664
957120,54024404992
962584,54461198336
968069,54619078656
973579,55109627904
979070,55299039232
984514,55603032064
989933,56347299840
995338,57268551680
1000752,57234235392
1006197,56528924672
1011605,57604161536
1017020,57879646208
1022431,58531274752
1027869,58566434816
1033269,58682281984
1038705,58652745728
1044190,59059437568
1049587,59600248832
1055005,59931570176
1060417,60760834048
1065875,60344172544
1071340,60440166400
1076747,61409796096
1082175,61880008704
1087619,61814792192
1093045,62566203392
1098576,63371894784
1104202,63515852800
1109818,62748041216
1115436,63227179008
1121017,64377184256
1126589,64789073920
1132229,64695078912
1137850,65203568640
1143445,65413709824
1149078,65512435712
1154712,66227306496
1160253,67426746368
1165853,66890334208
1171470,66130100224
1177030,66483392512
1182621,67133657088
1188212,67573641216
1193786,67760754688
1199344,68337082368
1204921,68927893504
1210531,68907220992
1216136,68400918528
1221677,68744589312
1227269,68723695616
1232847,69468803072
1238411,69602004992
1243972,70248566784
1249585,70261624832
1255187,70196510720
1260745,70590640128
1266294,71898951680
1271879,72484372480
1277486,72425897984
1283082,72351334400
1288649,72029347840
1294230,72871170048
1299819,73784344576
1305462,72735215616
1311052,72766107648
1316653,72902881280
1322253,73393172480
1327839,73246990336
1333370,75582758912
1338939,76399267840
1344505,75987689472
1350094,76668874752
1355593,76691648512
1361179,76515938304
1366770,77203316736
1372399,76880371712
1377926,77053091840
1383418,78060335104
1388996,78505242624
1394616,77888286720
1400200,77806882816
1405768,78733864960
1411312,79163170816
1416902,79465693184
1428119,79343075328
1433700,79643291648
1439293,79900409856
1444867,79518212096
1450418,79518212096
1455904,83996434432
1461451,84549591040
1466989,84663226368
1472583,84461932544
1478124,84911345664
1483688,85887541248
1489279,85916647424
1494849,86154989568
1500451,86076932096
1506035,85816569856
1511590,85989568512
1517188,86275616768
1522745,87284912128
1528319,87029133312
1533892,87898472448
1539444,87511793664
1545044,88040501248
1550661,87815745536
1556214,88593883136
1561812,88499150848
1567350,89243250688
1572958,88878399488
1578555,88706654208
1584092,89045073920
1589668,90046574592
1595233,90330652672
1600825,90165432320
1606410,90368741376
1611989,90165510144
1617594,90240602112
1623110,90842497024
1628672,91778506752
1634252,91760635904
1639812,92045910016
1645409,91638095872
1650974,92030885888
1656583,92363374592
1662135,93352251392
1667710,93826580480
1673298,94096707584
1678866,93639430144
1684444,93828550656
1689995,94683697152
1695574,94700466176
1701140,95657680896
1706699,94679928832
1712278,95931437056
1717856,95525355520
1723477,95188799488
1729075,95384899584
1734650,96509255680
1740250,97191763968
1745807,97286914048
1751337,97607335936
1756900,97891004416
1762465,96594219008
1768063,96478715904
1773655,96928931840
1779273,96833290240
1784817,97662570496
1790370,97835307008
1795912,98734698496
1801515,98076319744
1807074,98657189888
1812745,98622730240
1818299,99826491392
1823873,100279652352
1829432,100019343360
1835038,100452581376
1840607,100068474880
1846154,100115558400
1851696,99987714048
1857223,101076566016
1862866,101330018304
1868444,100924063744
1874001,101225959424
1879591,100971384832
1885175,101052358656
1890743,101342666752
1896345,102607376384
1901906,102776745984
1907455,102535454720
1913006,103146704896
1918571,102349103104
1924148,102351015936
1929664,102802153472
1935251,103562059776
1940832,104587202560
1946416,103745142784
1951914,104618164224
1957451,104958210048
1963022,104312950784
1968588,105518551040
1974116,105425076224
1979663,106171932672
1985251,105108103168
1990813,105843085312
1996382,105637908480
2002012,106420633600
2007621,106100903936
2013177,106014793728
2018729,106878054400
2024298,106607714304
2029841,107872804864
2035468,107551289344
2041009,108093333504
2046587,108681453568
2052157,109362688000
2057691,109783691264
2063346,108220481536
2068907,108658741248
2074478,109129723904
2080063,108652732416
2085654,109183102976
2091288,108712898560
2096896,109525860352
2102482,109925048320
2108062,109383065600
2113642,109892603904
2119214,109971795968
2124753,110915719168
2130356,110776688640
2135879,111698513920
2141454,111409942528
2146996,112735449088
2152559,112297517056
2158114,111666110464
2163727,111775735808
2169359,112191254528
2174932,112419274752
2180520,113343471616
2186067,113191825408
2191616,114705989632
2197214,113941897216
2202820,114305732608
2208428,114386460672
2214005,114377256960
2219584,115257356288
2225151,114100928512
2230668,114848280576
2236201,115148881920
2241765,115462746112
2247352,115865694208
2252923,116090318848
2258494,116995563520
2264072,116347240448
2269644,117467410432
2275272,116207886336
2280795,116903976960
2286361,117219708928
2291963,117711552512
2297497,117236584448
2303075,117976203264
2308652,118130438144
2314227,118972477440
2319780,118711083008
2325325,119149899776
2330900,117971095552
2336492,117987663872
2342074,117877891072
2347708,118908973056
2353274,119197650944
2358804,120251412480
2364337,119586062336
2369869,119915053056
2375434,120801718272
2381018,120593547264
2386638,119535931392
2392196,119647203328
2397660,120336285696
2403072,120336285696
2408482,121082789888
2413891,121687826432
2419300,122206543872
2424723,122654875648
2430117,122167504896
2435527,123689549824
2440968,122753495040
2446391,122147889152
2451815,122343874560
2457255,122360000512
2462732,123110350848
2468109,123110088704
2473521,124029014016
2478921,124055085056
2484332,124293562368
2489803,124486344704
2495229,124552036352
2500638,125106585600
2506064,125137825792
2511479,125768626176
2516921,125729603584
2522354,125883961344
2527793,125315350528
2533223,125123325952
2538645,126472658944
2544101,125795065856
2549506,126148702208
2554920,127021875200
2560330,126885371904
2565731,127273050112
2571155,126968274944
2576587,127402885120
2581992,127126224896
2587406,126892068864
2592835,127299751936
2598254,127205761024
2603687,127205761024
2609087,128336314368
2614542,128842244096
2619962,129270026240
2625362,129848156160
2630813,127935188992
2636200,128173211648
2641628,129098543104
2647070,129484365824
2652487,129155026944
2657886,128770932736
2663303,128770932736
2668699,130126544896
2674148,129956032512
2679548,130544238592
2684981,131028385792
2690408,130558832640
2695854,131088039936
2701420,131707269120
2707003,131023966208
2712584,131277950976
2718128,132350758912
2723614,131848146944
2729112,131848146944
2734645,132069076992
2740240,132074627072
2745805,132074627072
2751311,132774739968
2756849,132134191104
2762334,132262092800
2767906,132958748672
2773477,132945018880
2779042,132951961600
2784572,133128151040
2790075,133128151040
2795543,133765566464
2801087,134742011904
2806670,134988230656
2812219,135473397760
2817753,135989690368
2823328,135071109120
2828886,135071109120
2834451,134229954560
2839911,134190047232
2845411,134190047232
2850916,134506045440
2856479,134628061184
2862020,134628061184
2867543,135933452288
2873130,135880425472
2878703,135880425472
2884203,137083719680
2889757,137133871104
2895328,136713388032
2900869,135961464832
2906486,135861682176
2912003,135861682176
2917543,136184475648
2923053,136184205312
2928549,136184205312
2934096,137107947520
2939601,137709838336
2945182,138098769920
2950784,138562158592
2956360,138074955776
2961888,137926270976
2967436,138881843200
2972943,138530750464
2978532,138124943360
2984153,138128568320
2989741,139230814208
2995318,139457687552
3000827,139457687552
3006374,140396720128
3011876,140502151168
3017429,140493815808
3022993,141593272320
3028528,140656103424
3034026,140263165952
3039590,140266733568
3045151,140488593408
3050711,140709691392
3056249,140560904192
3061756,140907118592
3067311,141678055424
3072750,141143482368
3078254,141173809152
3083859,149845270528
3089421,149986566144
3095041,149986566144
3100584,149986566144
3106147,149986566144
3111701,149986566144
3117293,150656827392
3122835,150819500032
3128417,150695997440
3133976,150695997440
3139575,151050862592
3145142,150367526912
3150661,150367526912
3156233,150368960512
3161851,151792152576
3167479,151471894528
3173067,151471894528
3178633,151504302080
3184265,151307321344
3189776,151598702592
3195341,151651164160
3206518,153041698816
3212072,152875724800
3217620,152699834368
3223200,152991805440
3228765,153822662656
3234344,154131402752
3239874,154641367040
3245415,154116993024
3250946,154443268096
3256526,153357766656
3262042,153357766656
3267582,154194817024
3273158,154110480384
3278702,154407686144
3284234,155028258816
3289849,154851586048
3295406,155353796608
3301001,154935742464
3306640,154935742464
3312216,154480275456
3317790,155301556224
3323390,155301556224
3328982,155306258432
3334559,158677151744
3340185,164120784896
3345760,164120784896
3351297,164120784896
3356877,164120784896
3362425,164120784896
3367991,164273573888
3373669,164718051328
3379207,164791570432
3384771,164791570432
3390330,165855911936
3395900,165086310400
3401406,165086310400
3406924,165597409280
3412485,165850996736
3418043,165850996736
3423622,165576134656
3429256,165321924608
3434806,165321924608
3440405,165544747008
3445956,165600677888
3451561,165600677888
3457149,165615316992
3462721,166541557760
3468319,166676357120
3473916,166887153664
3479512,167032061952
3485105,166739341312
3490658,166996185088
3496231,166964690944
3501814,166964690944
3507322,167854682112
3512864,167965822976
3518423,167965822976
3523980,168868560896
3529594,168265756672
3535150,167998541824
3540805,168283754496
3546428,168082952192
3551982,168957136896
3557597,168944111616
3563199,169240096768
3568774,169674866688
3574313,169821818880
3579861,170794049536
3585480,170900131840
3591106,170162130944
3596814,170686574592
3602413,170418106368
3608006,170228060160
3613605,170811432960
3619188,170811432960
3624798,171459555328
3630355,171431243776
3635897,172144214016
3641479,172717703168
3647092,172231073792
3652640,172764327936
3658283,172375883776
3663925,172375883776
3669485,172289822720
3675074,172040028160
3680661,172698836992
3686213,173077426176
3691772,173252005888
3697351,173660528640
3702993,173268963328
3708546,173268963328
3714126,173268963328
3719679,173268963328
3725196,173688803328
3730773,173408985088
3736357,173740457984
3741929,174090735616
3747562,174387625984
3753158,174251515904
3758736,174255947776
3764312,175042973696
3769920,175385874432
3775493,175852261376
3781056,175823036416
3786633,175269728256
3792175,175959314432
3797748,175863197696
3803353,177002487808
3808963,176938266624
3814540,177205567488
3820150,177386983424
3825778,176936112128
3831320,178026844160
3836870,178516484096
3842449,177700507648
3848181,177610371072
3853778,177425399808
3859411,178494418944
3864994,178407960576
3870564,179545444352
3876104,180165058560
3881701,179999379456
3887313,178728054784
3892925,178487083008
3898519,178922954752
3904150,178961391616
3909701,179653853184
3915275,179993559040
3920812,180046450688
3926427,180809334784
3931994,180515676160
3937572,181349879808
3943135,181346570240
3948719,181828161536
3954313,181030100992
3959881,181082976256
3965447,181428060160
3971032,181528186880
3976637,182466838528
3982189,182325936128
3987700,182345805824
3993239,182345805824
3998790,182917087232
4004368,182653730816
4009958,182326984704
4015522,182529032192
4021144,182997409792
4026717,182723047424
4032299,182987710464
4037885,183133487104
4043487,184349560832
4049109,184229212160
4054683,184592502784
4060285,183672352768
4065868,184076554240
4071440,184270061568
4077051,184297541632
4082593,184726990848
4088252,185071030272
4093863,185140453376
4099419,185771466752
4104951,186013204480
4110505,186463227904
4116029,186641969152
4121593,185980534784
4127229,185567948800
4132823,185676034048
4138359,186620219392
4143980,186851942400
4149529,187672440832
4155120,187875295232
4160734,187096526848
4166309,188016918528
4171930,186963562496
4177529,187191734272
4183074,187612663808
4188686,187736756224
4194253,188229926912
4199836,188679688192
4205412,189350334464
4211049,189006532608
4216623,189006532608
4222159,189010100224
4227767,189921710080
4233340,189005758464
4238865,189005758464
4244420,189005758464
4250016,188503744512
4255567,188503744512
4261149,189448712192
4266735,189658136576
4272315,190041767936
4277908,190087958528
4283455,190013620224
4288991,190013620224
4294528,190652542976
4300068,190475542528
4305675,190475542528
4311226,191047217152
4316811,191343935488
4322395,191378067456
4327979,191695826944
4333557,191587090432
4339110,191854579712
4344669,192591319040
4350258,192496934912
4355857,192145375232
4361397,192145375232
4366974,192930787328
4372550,193268379648
4378150,193132638208
4383731,192488923136
4389265,192798105600
4394832,192807088128
4400348,193142378496
4405929,194458566656
4411559,194192867328
4417173,193845039104
4422781,192989122560
4428383,192917151744
4433979,194001555456
4439579,194067025920
4445115,194067025920
4450673,194067025920
4456287,194670313472
4461840,194108198912
4467428,194108198912
4473038,194821427200
4478629,194821427200
4484174,195418861568
4489761,195304636416
4495331,195304636416
4500906,195262738432
4506540,195262738432
4512064,196017430528
4517693,196341157888
4523285,196419874816
4528905,196579004416
4534509,196579004416
4540097,197570818048
4545708,198090403840
4551281,197464776704
4556844,198457556992
4562381,198767976448
4567937,198561812480
4573509,197973766144
4579150,197322289152
4584726,197322289152
4590326,198427570176
4595906,198520614912
4601485,198520614912
4607053,200005226496
4612620,198933504000
4618197,199589044224
4623729,200403079168
4629372,199486144512
4634967,200356233216
4640555,200256548864
4646230,200256548864
4651856,200256548864
4657430,200013942784
4663038,200013942784
4668638,200725823488
4674230,201502490624
4679819,201400135680
4685413,202516815872
4691025,201890004992
4696608,201757741056
4702141,201959825408
4707759,201894600704
4713325,202704490496
4718932,203253469184
4724536,202967060480
4730089,203790979072
4735673,203647377408
4741288,204111552512
4746950,204257775616
4752579,204013690880
4758167,205027069952
4763744,204717875200
4769339,204717875200
4774851,205673623552
4780486,205861277696
4786087,205861277696
4791639,206916349952
4797236,206940151808
4802845,206564007936
4808412,207240593408
4814062,206685306880
4819675,206685306880
4825281,207591489536
4830884,207213584384
4836454,207213584384
4842042,207926919168
4847634,207899357184
4853231,208291856384
4858937,209081692160
4864504,208418328576
4870070,208418328576
4875653,210156777472
4881237,209763131392
4886870,209701519360
4892472,209531027456
4898093,209456762880
4903720,209456762880
4909277,209680703488
4914882,210319638528
4920453,210378338304
4926017,211050553344
4931656,210415128576
4937260,210246762496
4942822,211183321088
4948395,211327070208
4954011,211035803648
4959569,212301025280
4965139,211790888960
4970740,211864354816
4976301,212889505792
4981930,212716740608
4987512,212716740608
4993119,213542023168
4998659,214105423872
5004240,214043152384
5009857,215067901952
5015378,213800751104
5020972,213800751104
5026577,214687916032
5032200,214153904128
5037760,214153904128
5043341,214529826816
5048974,215653933056
5054608,216226152448
5060178,216158736384
5065780,216120090624
5071427,217075331072
5077018,215939612672
5082591,215939612672
5088217,215939612672
5093795,215939612672
5099401,217177223168
5104995,216585093120
5110603,216803409920
5116210,216803409920
5121806,216803409920
5127370,216152772608
5132954,216019881984
5138530,216019881984
5144142,216019881984
5149721,216174497792
5155368,217392623616
5161011,217104175104
5166587,217104175104
5172202,217104175104
5177767,218058235904
5183378,217423110144
5189009,217269313536
5194630,217269313536
5200214,218018283520
5205755,217984172032
5211309,217859231744
5216863,217859231744
5222376,219173150720
5227963,219182428160
5233635,219289395200
5239282,219289395200
5244921,219639300096
5250534,220212924416
5256163,220147912704
5261793,220147912704
5267346,220799795200
5272969,220751613952
5278595,220296077312
5284219,220296077312
5289793,220115021824
5295416,219721170944
5301054,219721170944
5306650,219865931776
5312321,221225746432
5317907,221265772544
5323543,221265772544
5329167,221820874752
5334791,221915918336
5340460,221775802368
5346005,222987759616
5351531,223223681024
5357141,222747717632
5362724,222747717632
5368335,223812947968
5373905,222811234304
5379526,222811234304
5385118,222955433984
5390743,224358780928
5396341,224089636864
5401976,224089636864
5407566,224089636864
5413132,225112686592
5418685,226139267072
5424332,225577754624
5429942,225577754624
5435554,225577754624
5441150,226617065472
5446742,227205644288
5452365,225723904000
5457999,225723904000
5463645,225723904000
5469223,226997776384
5474814,226056519680
5480390,226098008064
5486005,226098008064
5491560,226098008064
5497151,227500687360
5502765,226847150080
5508360,226894213120
5513952,226894213120
5519540,227709366272
5525173,227693932544
5530741,227693932544
5536347,227693932544
5541920,228095434752
5547515,227769733120
5553116,227570176000
5558691,227570176000
5564298,227570176000
5569843,227848097792
5575451,227250397184
5581039,227250397184
5586660,227250397184
5592198,228134830080
5597788,227894394880
5603368,228192546816
5608909,228192546816
5614442,228145692672
5620040,228297940992
5625656,228438175744
5631261,228438175744
5636831,228438175744
5642412,229452230656
5647916,230176948224
5653445,229792759808
5659059,229792759808
5664568,229792759808
5670145,229792759808
5675720,230290640896
5681326,229664575488
5686868,229099966464
5692459,229099966464
5698028,229099966464
5703581,229099966464
5709142,229604319232
5714644,230204125184
5720158,230430412800
5725729,230430412800
5731301,231589777408
5736851,231722123264
5742488,231722123264
5748027,231722123264
5753617,231722123264
5759166,232777773056
5764749,232466677760
5770324,232815398912
5775919,232559443968
5787150,231458881536
5792762,231458881536
5798392,232096817152
5803956,232434778112
5809567,232406499328
5815117,233185738752
5820671,233572212736
5826262,233799458816
5831832,233799458816
5837395,234444603392
5842986,234280640512
5848592,234258976768
5854195,234259283968
5859853,234929631232
5865483,234013704192
5871058,234013704192
5876632,234013704192
5882189,234673582080
5887763,235131875328
5893335,235481079808
5898958,235482562560
5904560,236758249472
5910175,236780855296
5915795,236835033088
5921399,236744384512
5926980,236646100992
5932567,236004622336
5938143,236391997440
5943832,235916820480
5949367,235916820480
5954974,235916820480
5960547,236788314112
5966149,237454151680
5971693,238019854336
5977282,237873205248
5982842,238631723008
5988432,238354067456
5994010,238419091456
5999544,238419091456
6005119,238420480000
6010807,239572197376
6016390,239732031488
6022067,239344771072
6027647,239344771072
6033265,239344771072
6038925,239344771072
6044507,240097611776
6050082,238706139136
6055682,238706139136
6061290,238706139136
6066857,238706139136
6072406,239555936256
6077997,240174829568
6083539,240112013312
6089156,240112013312
6094763,240112013312
6100340,240112013312
6105957,240025014272
6111585,240585531392
6117172,240955478016
6122748,240900833280
6128344,240900833280
6133911,240900833280
6139458,240951554048
6145114,242066366464
6150722,242409472000
6156286,241421832192
6161872,241421832192
6167500,241421832192
6173067,241421832192
6178690,241421832192
6184289,242583502848
6189916,241433354240
6195514,241234464768
6201150,241234464768
6206719,241234464768
6212335,241234464768
6217956,242522386432
6223533,242755207168
6229161,242975571968
6234805,242975571968
6240360,242975571968
6245974,242975571968
6251472,242975571968
6257034,242975571968
6262590,243539386368
6268132,242590597120
6273725,242590597120
6279266,242590597120
6284830,242590597120
6290429,243438125056
6296030,243035021312
6301670,243035021312
6307266,243035021312
6312897,244132765696
6318513,243907829760
6324114,244069425152
6329633,244069425152
6335183,244069425152
6340723,244594352128
6346282,244366430208
6351880,244366430208
6357503,244366430208
6363118,245163511808
6368680,245747646464
6374273,245635002368
6379882,245635002368
6385480,245635002368
6391107,245635002368
6396701,246695653376
6402309,246489276416
6407885,246267011072
6413460,246267011072
6419046,246267011072
6424590,246267011072
6430167,245738323968
6435825,246331867136
6441424,245940961280
6446964,245940961280
6452557,245940961280
6458180,245940961280
6463758,245940961280
6469256,246526234624
6474841,247064584192
6480447,247123816448
6486022,247123816448
6491622,247123816448
6497257,247584735232
6502849,247266906112
6508430,247266906112
6514066,247266906112
6519653,247266906112
6525207,248291299328
6530828,248253407232
6536415,248078548992
6541937,248078548992
6547544,249142632448
6553066,249209835520
6558728,249118195712
6564346,249118195712
6569866,249118195712
6575444,249118195712
6581020,249341972480
6586670,249543905280
6592257,249430659072
6597839,249815445504
6603387,250049900544
6608953,250049900544
6614501,250049900544
6620046,251139661824
6625635,250655690752
6631141,250778341376
6636695,250778341376
6642219,250778341376
6647720,250778341376
6653310,250778341376
6658822,250778341376
6664356,251893415936
6669896,251750895616
6675462,251175464960
6681020,251175464960
6686615,251175464960
6692167,251175464960
6697688,251175464960
6703212,251175464960
6708777,251761532928
6714367,251339309056
6719985,251339309056
6725573,251339309056
6731111,251339309056
6736662,251339309056
6742206,251339309056
6747783,251488104448
6753397,251287007232
6759014,251287007232
6764601,251287007232
6770143,251287007232
6775746,252013469696
6781322,252409167872
6786890,252809015296
6792472,252809015296
6797983,252809015296
6803600,252809015296
6809149,252809015296
6814708,253297344512
6820259,253901991936
6825835,252943732736
6831398,252943732736
6836949,252943732736
6842517,252943732736
6848077,253112864768
6853609,253117779968
6859148,252726251520
6864750,252726251520
6870319,252726251520
6875875,252726251520
6881430,252726251520
6887085,252726251520
6892642,253090086912
6898250,253487476736
6903785,253607763968
6909392,253607763968
6914942,253607763968
6920440,253607763968
6926043,254196400128
6931575,254583435264
6937158,254460813312
6942740,254460813312
6948277,254460813312
6953875,254460813312
6959417,254460813312
6965068,255431864320
6970629,255595327488
6976200,255316447232
6981748,255316447232
6987327,255316447232
6992915,255316447232
6998477,255316447232
7004063,256102940672
7009664,255600754688
7015243,255600754688
7020809,255600754688
7026403,255600754688
7031966,255600754688
7037534,255600754688
7043102,256112492544
7048672,256188686336
7054249,256188686336
7059841,256188686336
7065411,256188686336
7070980,256188686336
7076557,256188686336
7082142,256929300480
7087757,256550125568
7093349,256550125568
7098963,256550125568
7104605,256550125568
7110132,256550125568
7115817,256550125568
7121418,256550125568
7127062,257360285696
7132661,257017925632
7138287,256875696128
7143860,256875696128
7149461,256875696128
7155074,256875696128
7160665,256875696128
7166274,256875696128
7171800,257086849024
7177379,257801039872
7183019,258137714688
7188566,258328186880
7194161,258328186880
7199746,258328186880
7205310,258328186880
7210828,258328186880
7216394,258285236224
7222019,257856790528
7227578,257645608960
7233238,257645608960
7238785,257645608960
7244396,257645608960
7250013,257645608960
7255624,258264432640
7261224,258807586816
7266827,258898681856
7272454,258898681856
7278037,258898681856
7283611,259797184512
7289191,259968864256
7294795,259790065664
7300365,259605639168
7305923,259605639168
7311518,259605639168
7317093,259605639168
7328264,260309401600
7333898,259296796672
7339529,258883629056
7345122,258883629056
7350732,258883629056
7356312,260128559104
7361912,259930079232
7367517,259721121792
7373102,259721121792
7378648,260403744768
7384235,260252778496
7389860,260078391296
7395457,260078391296
7401027,261022535680
7406582,260649467904
7412174,260879319040
7417784,260581228544
7423409,261249937408
7429027,261469323264
7434656,260927459328
7440225,260927459328
7445836,260939538432
7451500,260889718784
7457095,261225820160
7462705,261225820160
7468294,261731237888
7473859,262426763264
7479467,263519035392
7485023,263020425216
7490602,264168779776
7496225,264633851904
7501849,263846805504
7507524,263602069504
7513135,263602069504
7518669,263602069504
7524179,263602069504
7529740,264236150784
7535271,263471747072
7540808,263197499392
7546441,263197499392
7552069,263197499392
7557683,263197499392
7563246,264140079104
7568846,263849873408
7574414,263849873408
7579967,263849873408
7585541,263849873408
7591113,263849873408
7596682,264945655808
7602305,264683327488
7607920,264683327488
7613499,264683327488
7619059,265649623040
7624574,265966469120
7630140,265990373376
7635732,265546047488
7641339,265546047488
7646906,265797226496
7652582,266748919808
7658183,265404993536
7663809,265404993536
7669410,265404993536
7675020,265479057408
7680677,265640693760
7686270,264903434240
7691825,264903434240
7697410,264903434240
7702948,265322856448
7708526,265449738240
7714134,265810231296
7719751,265810231296
7725365,265810231296
7730906,266624364544
7736535,267242618880
7742153,267015843840
7747825,267015843840
7753432,267015843840
7759007,267015843840
7764612,267628367872
7770191,266571513856
7775769,267155931136
7781315,267179884544
7786864,267390627840
7792476,268064333824
7798080,267165659136
7803652,267165659136
7809224,267165659136
7814803,268239364096
7820359,268024311808
7825914,268024311808
7831501,268024311808
7837036,268191776768
7842635,269143998464
7848226,269238943744
7853833,268756639744
7859440,268756639744
7864904,268756639744
7870329,269556948992
7875791,269534142464
7881272,269162582016
7886749,269162582016
7892218,269162582016
7897709,269394911232
7903201,269254275072
7908633,269254275072
7914088,269254275072
7919541,270313844736
7925017,269874040832
7930458,269874040832
7935904,269874040832
7941361,269874040832
7946785,270368759808
7952222,270584377344
7957637,270655537152
7963068,270485323776
7968536,270289559552
7979530,270513426432
7984985,270513426432
7990458,270513426432
7995889,270994829312
8001328,271066038272
8006775,271066038272
8012233,271455219712
8017716,271951032320
8023184,272552448000
8028625,272539381760
8034048,272544866304
8039573,273066356736
8045068,272570421248
8050519,272367517696
8055949,272367517696
8061414,272367517696
8066835,272921821184
8072274,272989380608
8077735,272718340096
8083163,272718340096
8088616,273442734080
8094095,273727504384
8099546,273581096960
8104964,273581096960
8110389,274114555904
8115862,273661538304
8121330,273661538304
8126773,273661538304
8132245,273661538304
8137679,274760544256
8143164,274203275264
8148597,273767518208
8154039,273767518208
8159482,273767518208
8164946,273767518208
8170387,274894606336
8175841,274485436416
8181287,274485436416
8186743,274485436416
8192176,274956050432
8197641,275680043008
8203098,275670339584
8208561,275670339584
8214017,275898925056
8219590,275913314304
8225234,275913314304
8230836,275913314304
8236419,276707008512
8241977,276208041984
8247539,276134191104
8253133,276134191104
8258710,276146978816
8264403,277523046400
8270050,277733740544
8275615,278033854464
8281196,278033854464
8286750,279023656960
8292307,278462107648
8297853,278018871296
8303420,278018871296
8308967,278018871296
8314505,278018871296
8320090,277874450432
8325652,277874450432
8331260,277874450432
8336848,277874450432
8342415,278689067008
8348025,278849548288
8353553,278531784704
8359103,278531784704
8364652,278531784704
8370238,279363137536
8375868,279302885376
8381451,279039275008
8387017,279039275008
8392587,280177942528
8398174,279630229504
8403785,279884206080
8409393,279973453824
8414969,280132247552
8420544,279798272000
8426107,279798272000
8431742,280733540352
8437334,280380755968
8442968,279761182720
8448580,279761182720
8454198,279761182720
8459772,280671653888
8465388,281613651968
8470946,281412419584
8476512,281412419584
8482066,281412419584
8487652,281982054400
8493270,281359851520
8498882,281331781632
8504491,281331781632
8510071,281331781632
8515630,281850236928
8521241,281012191232
8526863,281012191232
8532416,281012191232
8537964,282030350336
8543569,281980133376
8549177,282713731072
8554769,283177517056
8560342,283177517056
8565917,284054630400
8571512,283265871872
8577031,282842001408
8582592,282842001408
8588206,283691864064
8593764,284481400832
8599362,283788808192
8604947,284343644160
8610571,284863680512
8616118,284015628288
8621693,284015628288
8627343,284528738304
8632944,283528306688
8638570,283679588352
8644171,283940945920
8649798,292241326080
8655400,292546576384
8661048,292546576384
8666683,292546576384
8672294,292546576384
8677916,292546576384
8683571,292546576384
8689235,292546576384
8694837,292765638656
8700558,293771464704
8706223,293616635904
8711843,293616635904
8717451,293616635904
8723066,293617569792
8728726,294288588800
8734418,293946994688
8740060,293946994688
8745725,293946994688
8751342,293575786496
8757035,294003511296
8762789,293640794112
8768439,293640794112
8774067,294573703168
8779753,294453231616
8785454,294085844992
8791160,294085844992
8796798,294801448960
8802450,295081492480
8808117,294939869184
8813787,294939869184
8819402,296328499200
8825035,296124571648
8830695,296124571648
8836223,296619130880
8841766,296979763200
8847328,297574178816
8852876,297141080064
8858381,297141080064
8863896,297484210176
8869437,296675328000
8874954,296966004736
8880439,296966004736
8885956,297902944256
8891493,298408370176
8897052,298581991424
8902544,298110803968
8908051,298110803968
8913581,298842198016
8919130,299154432000
8924721,298121179136
8930204,298121179136
8935707,298121179136
8941218,298121179136
8946716,298415919104
8952264,297881931776
8957779,297881931776
8963295,297881931776
8968796,299020341248
8974351,299604815872
8979875,299211276288
8985378,299211276288
8990892,299790340096
8996413,299849265152
9001930,299759493120
9007451,300068081664
9012990,300027658240
9018560,299964211200
9024060,299964211200
9029595,299964211200
9035133,299964211200
9040642,300195749888
9046136,300386017280
9051663,300386017280
9057188,300398993408
9062717,300398993408
9068221,300398993408
9073721,300398993408
9079261,300398993408
9084758,300398993408
9090264,300398993408
9095787,300398993408
9101286,300398993408
9106789,301002227712
9112316,300861702144
9117824,300970553344
9123339,300970553344
9128877,300970553344
9134374,300985163776
9139990,301797875712
9145553,301286506496
9151062,301286506496
9156587,301286506496
9162236,302390755328
9167891,301774344192
9173524,301774344192
9179179,301774344192
9184859,301964886016
9190549,301856849920
9196172,301856849920
9201843,301856849920
9207491,301856849920
9213183,311410769920
9218981,311410769920
9224666,311410769920
9230382,313170837504
9236271,319426314240
9241954,319426314240
9247656,319426314240
9253320,319426314240
9258982,319426314240
9264624,319426314240
9270299,319426314240
9275976,319426314240
9281650,320624631808
9287359,320851443712
9293029,321440829440
9298715,321846603776
9304349,321846603776
9309949,323177345024
9315669,320829431808
9321336,320829431808
9326992,320829431808
9332658,320829431808
9338312,320829431808
9343972,321632530432
9349683,321857654784
9355312,321857654784
9360992,321857654784
9366638,321860734976
9372414,322948558848
9378040,322807242752
9383709,322807242752
9389380,322807242752
9395042,322807242752
9400673,322807242752
9406315,322807242752
9411950,276121780224
9418515,276137709568
9423911,272932397056
9429763,274364747776
9435656,274769522688
9441502,274769522688
9447336,274769522688
9453223,274769522688
9459153,274769522688
9465326,275972337664
9471180,275972337664
9477065,275972337664
9482947,275972337664
9488947,275972337664
9494811,275972337664
9500853,275972337664
9506727,275972337664
9512600,275972337664
9518540,275972337664
9524470,275972337664
9530406,280173588480
9536279,280930447360
9542147,280930447360
9547999,280930447360
9553889,280930447360
9559701,280930447360
9565613,280930447360
9571463,280930447360
9577300,280930447360
9583236,280930447360
9589036,281704787968
9594935,281704787968
9600809,281715052544
9606589,281715052544
9612325,281715052544
9618016,281715052544
9623743,281715052544
9629458,281715052544
9635197,286702063616
9641324,286702063616
9647056,286702063616
9652783,286702063616
9658528,286702063616
9664274,286702063616
9670012,286702063616
9675734,286702063616
9681442,286702063616
9687189,286702063616
9692975,286702063616
9698687,288404705280
9704417,288404705280
9710140,288404705280
9715872,288404705280
9721620,288404705280
9727348,288404705280
9733062,288404705280
9738789,288404705280
9744519,288404705280
9750266,288404705280
9755989,288404705280
9761701,289510445056
9767430,289510445056
9773103,289510445056
9778861,289514573824
9784562,289514573824
9790274,289514573824
9796005,289514573824
9801716,289514573824
9807447,289514573824
9813171,289850183680
9818893,290207469568
9824629,290207469568
9830328,290207469568
9836038,290211663872
9841774,290211663872
9847487,290565361664
9853203,290565361664
9858944,290565361664
9864669,290573062144
9870402,298122022912
9876169,299303227392
9881905,299303227392
9887625,299309076480
9893357,299309076480
9899081,299309076480
9904806,299413590016
9910522,299413590016
9916247,299413590016
9921983,299413590016
9927725,299413590016
9933450,299413590016
9939213,299437805568
9945007,283648806912
9950933,283707748352
9956834,283707748352
9962653,283707748352
9968601,283737747456
9974486,283737747456
9980331,283737747456
9986214,283737747456
9992094,283737747456
9997916,283737747456
10003839,283737747456
10009752,283737747456
10015622,283737747456
10021542,283737747456
10027541,283737747456
10033389,283737747456
10039332,286612713472
10045255,286612713472
10051191,286612713472
10057114,286612713472
10063058,289003450368
10069028,289003450368
10074969,289003450368
10080918,289003450368
10086857,289477193728
10092810,289477193728
10098737,295583313920
10104684,296144744448
10110670,296578838528
10116610,301407416320
10122558,301820112896
10128505,302246244352
10134393,302699835392
10140390,302708731904
10146242,303193075712
10152105,305101942784
10158013,305101942784
10163969,305616662528
10169951,305947619328
10175825,305955745792
10181727,306163707904
10187639,310271471616
10193537,310278254592
10199401,310766497792
10205167,310766497792
10211110,311478185984
10216969,311860539392
10222875,311860539392
10228750,312306987008
10234737,312306987008
10240679,312767737856
10246595,312767737856
10252512,313231634432
10258468,313699725312
10264452,314724626432
10270497,315201089536
10276402,315642884096
10282334,315642884096
10288235,316120133632
10294184,316592156672
10300175,317420236800
10306041,318072975360
10311987,318072975360
10317944,318764232704
10323861,318764232704
10329812,319617986560
10335769,320335228928
10341761,320335228928
10347671,321012019200
10353610,321012019200
10359543,321114583040
10365543,321977790464
10371491,321977790464
10377441,322812260352
10383418,322813063168
10389344,322920624128
10395183,322920624128
10401189,323731779584
10407132,323731779584
10413107,323938660352
10419024,324608733184
10424992,324608831488
10431039,324644483072
10436995,325199769600
10442945,325199769600
10448833,325642694656
10454732,325642694656
10460725,326233583616
10466639,326233583616
10472553,326233583616
10478468,326233583616
10484363,326236319744
10490308,326836367360
10496256,326838366208
10502190,326838366208
10508128,328256925696
10514092,328921477120
10520044,328921477120
10525968,328925081600
10531962,328925081600
10537892,329592713216
10543801,329807360000
10549774,329807360000
10555770,329807360000
10561661,330450677760
10567623,330842468352
10573536,330842845184
10579457,330844352512
10585392,330844352512
10591379,331595149312
10597326,332768653312
10603224,332768653312
10609176,332768653312
10615153,333625405440
10621081,333625405440
10626998,333625405440
10632931,333700919296
10638869,333700919296
10644761,333719187456
10650676,333702844416
10656621,334546276352
10662572,334546276352
10668556,334546276352
10674488,334546276352
10680401,334546276352
10686348,335004536832
10692280,335004536832
10698197,335004536832
10704157,335004536832
10710131,335004536832
10716063,335004536832
10722013,335004536832
10727940,335004536832
10733881,335004536832
10739838,335004536832
10745829,336692432896
10751731,336692432896
10757685,336692432896
10763648,336692432896
10769631,336692432896
10775653,336692432896
10781566,336692432896
10787554,336692432896
10793479,336692432896
10799482,336692432896
10805404,338313056256
10811357,338313056256
10817287,338313056256
10823224,338313056256
10829206,338313056256
10835189,338585702400
10841120,338585702400
10847057,338585702400
10852975,338585702400
10858905,338585702400
10864887,338585702400
10870872,338585702400
10876816,338585702400
10882757,338585702400
10888729,338585702400
10894717,338741579776
10900669,338741579776
10906592,338741579776
10912565,338741579776
10918494,338741579776
10924468,338762698752
10930467,338762698752
10936440,338762698752
10942432,338762698752
10948392,338762698752
10954371,338762698752
10960324,338762698752
10966327,338762698752
10972341,338762698752
10978288,338762698752
10984209,338762698752
10990240,338782146560
10996005,338782146560
11001759,338782146560
11007522,338782146560
11013280,338782146560
11019027,338800332800
11024779,338800332800
11030517,338800332800
11036288,338800332800
11042047,338800332800
11047815,338824335360
11053567,338824335360
11059301,338824335360
11065067,338824335360
11070812,338824335360
11076553,338851450880
11082300,338851450880
11088043,338851450880
11093754,338851450880
11099501,338851450880
11105238,338871259136
11110980,338871259136
11116735,338871259136
11122486,338871259136
11128242,338871259136
11133978,338871259136
11139731,338908237824
11145471,338908237824
11151205,338908237824
11156951,338908237824
11162690,338908237824
11168430,338927079424
11174193,338927079424
11179943,338927079424
11185690,338927079424
11191443,338927079424
11197200,338934026240
11202931,338934026240
11208676,338934026240
11214431,338934026240
11220173,338934026240
11225900,338934026240
11231658,338934026240
11237398,338934026240
11243128,338934026240
11248880,326647549952
11254613,326775869440
11260350,326775869440
11266097,326775869440
11271847,326746611712
11277605,326746611712
11283353,326746611712
11289087,326746611712
11294843,326746611712
11300579,326789468160
11306351,326905360384
11312172,326984171520
11317991,327013863424
11323793,327063134208
11329646,327123681280
11335459,327178633216
11341278,327229534208
11347192,327279677440
11353202,327346515968
11359210,327406579712
11365235,327478284288
11371296,327547117568
11377333,327636176896
11383386,327705989120
11389436,327792214016
11395508,327872790528
11401619,327877636096
11407685,328009965568
11413746,328103636992
11419845,328143147008
11425949,328283017216
11432031,328288047104
11438101,328426938368
11444174,328431714304
11450228,328584540160
11456285,328588804096
11462390,328795746304
11468464,328799932416
11474556,328989925376
11480652,328993951744
11486742,329225797632
11492832,329229742080
11498955,329450004480
11505051,329453449216
11511162,329456713728
11517211,329702334464
11523315,329705775104
11529424,329708752896
11535553,329959342080
11541700,329962319872
11547825,329964830720
11553945,330290786304
11560082,330293399552
11566217,330295721984
11572357,330638692352
11578493,330641285120
11584635,330643849216
11590805,330646401024
11596947,331002519552
11603083,331005067264
11609221,331007352832
11615350,331009490944
11621483,331383021568
11627626,331385319424
11633773,331387772928
11639927,331390386176
11646056,331786592256
11652187,331789004800
11658298,331791224832
11664413,331793362944
11670541,332270501888
11676709,332272553984
11682839,332274692096
11689026,332276637696
11695199,332277899264
11701363,332784758784
11707398,332786544640
11713370,332788379648
11719354,332790112256
11725321,332791889920
11731310,332792127488
11737267,333358788608
11743243,333360775168
11749229,333362507776
11755187,333364260864
11761158,333365911552
11767119,333365911552
11773092,333988954112
11779036,333991043072
11785019,333993205760
11790967,333995134976
11796934,333996929024
11802932,333996929024
11808938,334489915392
11814906,334492299264
11820868,334494593024
11826832,334497009664
11832800,334498648064
11838762,334960136192
11844738,335099969536
11850707,335102423040
11856680,335105064960
11862644,335107252224
11868636,335109369856
11874635,335110250496
11880610,335967338496
11886575,335970021376
11892563,335972626432
11898562,335975424000
11904551,335978438656
11910549,335981142016
11916538,335982944256
11922509,335982944256
11928476,336589414400
11934463,336592543744
11940457,336596189184
11946437,336601640960
11952436,336606597120
11958437,336964259840
11964440,337106718720
11970438,337112391680
11976420,337117405184
11982408,337122738176
11988406,337510887424
11994425,337520099328
12000431,337525248000
12006442,337530486784
12012442,337536012288
12018457,337958375424
12024540,337967697920
12030542,337973301248
12036555,337978380288
12042553,337983180800
12048547,338026065920
12054559,338472325120
12060559,338478006272
12066544,338483052544
12072549,338488537088
12078541,338492645376
12084712,338957365248
12090931,338962792448
12097144,338967863296
12103301,338972823552
12109538,338977792000
12115714,339387826176
12121937,339461840896
12128147,339466649600
12134334,339471093760
12140549,339474972672
12146766,339479257088
12153023,339930984448
12159246,340012744704
12165457,340016865280
12171666,340021481472
12177869,340026277888
12184054,340031258624
12190266,340033343488
12196466,340593225728
12202664,340598599680
12208855,340603514880
12215050,340608700416
12221259,340614295552
12227484,340927135744
12233687,341121208320
12239884,341126692864
12246069,341131841536
12252267,341137149952
12258477,341142839296
12264680,341655252992
12270920,341715046400
12277137,341720498176
12283360,341725786112
12289553,341730910208
12295745,341735677952
12301928,342319370240
12308161,342324813824
12314338,342330515456
12320563,342335877120
12326767,342340509696
12332984,342345056256
12339176,342346260480
12345462,342957985792
12351667,342962876416
12357878,342967439360
12364125,342972313600
12370373,342977015808
12376559,342981324800
12382794,343568150528
12389052,343642812416
12395284,343647088640
12401545,343651733504
12407779,343656079360
12414007,343660695552
12420262,343666012160
12426472,344389890048
12432620,344392708096
12438806,344395063296
12445017,344399781888
12451194,344404549632
12457428,344409341952
12463702,344413671424
12469918,344417734656
12476181,344420696064
12482386,345215401984
12488616,345220415488
12494863,345225003008
12501112,345229053952
12507340,345233723392
12513400,345238798336
12519464,345243627520
12525502,345245655040
12531617,346056007680
12537669,346061303808
12543711,346066591744
12549761,346071728128
12555815,346076983296
12561875,346082148352
12567916,346087206912
12573951,346093477888
12580037,346997092352
12586109,347001757696
12592169,347007066112
12598236,347012415488
12604265,347020058624
12610325,347026984960
12616374,347034660864
12622433,347043725312
12628485,347730980864
12634555,347744178176
12640621,347752865792
12646672,347761537024
12652736,347769036800
12658794,347777527808
12664854,347784564736
12670935,348308533248
12676968,348315787264
12683019,348324192256
12689079,348332134400
12695140,348339453952
12701213,348347060224
12707281,348355043328
12713316,348356546560
12719385,348936069120
12725456,348945596416
12731516,348953493504
12737591,348963262464
12743641,348972019712
12749678,348981248000
12755718,348989419520
12761772,349641486336
12767847,349656887296
12773914,349665869824
12779990,349674749952
12786068,349684064256
12792140,349694148608
12798193,349703462912
12804267,349707685888
12810322,350328492032
12816695,350348222464
12822960,350358990848
12829162,350368210944
12835439,350376824832
12841684,350386266112
12847945,350396661760
12854171,350468653056
12860547,351032037376
12866794,351042908160
12873051,351053623296
12879326,351065198592
12885599,351075852288
12891829,351086034944
12898045,351092072448
12904315,351723192320
12910484,351724195840
12916668,351724195840
12922911,351735259136
12929173,351746011136
12935428,351756910592
12941727,351767695360
12947996,351777775616
12954270,351783915520
12960521,352361947136
12966785,352373002240
12973023,352383483904
12979255,352392658944
12985536,352402825216
12991816,352413720576
12998107,352424230912
13004369,353107464192
13010704,353123676160
13016940,353133621248
13023256,353144549376
13029533,353154736128
13035808,353164943360
13042078,353174450176
13048400,353313681408
13054747,353860390912
13061004,353871650816
13067304,353882284032
13073533,353892577280
13079804,353903058944
13086056,353913651200
13092255,353923014656
13098327,354624757760
13104414,354645536768
13110529,354655862784
13116641,354665500672
13122732,354675998720
13128841,354685554688
13134928,354695249920
13141022,354702876672
13147139,355382419456
13153242,355382419456
13159249,355382419456
13165261,355382419456
13171295,355396837376
13177400,355407384576
13183517,355417317376
13189631,355427659776
13195758,355438288896
13201880,355447885824
13207992,355457482752
13214093,356213485568
13220254,356228558848
13226380,356238082048
13232510,356246740992
13238613,356256235520
13244717,356264955904
13250823,356274683904
13256929,356284350464
13263031,356291301376
13269153,357036691456
13275249,357061267456
13281350,357071810560
13287425,357082316800
13293536,357092200448
13299646,357103448064
13305757,357113085952
13311889,357122646016
13318006,357152391168
13324199,357751513088
13330331,357762191360
13336434,357771878400
13342549,357780955136
13348657,357790404608
13354753,357801058304
13360894,357810659328
13367022,357822390272
13373158,358436200448
13379317,358451560448
13385447,358463397888
13391554,358475911168
13397874,358487834624
13404200,358500909056
13410495,358514016256
13416790,358526271488
13423139,358960832512
13429427,358979043328
13435720,358991233024
13442043,359002611712
13448378,359014129664
13454705,359026470912
13461021,359040069632
13467273,359051407360
13473549,359504670720
13479859,359519432704
13486012,359529635840
13492154,359542284288
13498275,359555002368
13504396,359567699968
13510525,359580278784
13516651,359591493632
13522763,359597867008
13528940,360056717312
13535043,360081121280
13541191,360092389376
13547333,360104058880
13553457,360115150848
13559571,360126423040
13565712,360139841536
13571855,360152125440
13577998,360334893056
13584224,360643088384
13590349,360655876096
13596478,360667922432
13602618,360681570304
13608770,360694067200
13614932,360705413120
13621060,360718393344
13627191,360726953984
13633374,361186471936
13639506,361199484928
13645667,361214840832
13651797,361228595200
13657922,361242185728
13664061,361255575552
13670219,361269776384
13676341,361678245888
13682502,361757024256
13688656,361771540480
13694812,361786179584
13700958,361800343552
13707095,361814867968
13713247,361830150144
13719395,361842040832
13725516,362332200960
13731691,362357972992
13737850,362372251648
13744002,362386771968
13750181,362401120256
13756324,362414686208
13762476,362428682240
13768639,362436435968
13774923,362923089920
13781023,362923089920
13787176,362935500800
13793357,362950873088
13799508,362965590016
13805641,362980515840
13811785,362996518912
13817940,363012227072
13824060,363512483840
13830268,363534401536
13836423,363551682560
13842594,363569381376
13848732,363585548288
13854927,363602395136
13861096,363618058240
13867286,363665833984
13873481,364128002048
13879643,364145573888
13885794,364162981888
13891963,364179464192
13898144,364195844096
13904295,364211326976
13910464,364226547712
13916622,364692004864
13922914,364722622464
13929061,364739923968
13935218,364757528576
13941427,364773801984
13947593,364792623104
13953748,364810436608
13959908,365251198976
13966181,365286768640
13972329,365123649536
13978672,366525579264
13985026,367767355392
13991347,367767355392
13997484,367767355392
14003617,367767355392
14009766,367768403968
14016148,367928393728
